#pragma once
#include <Adafruit_GFX.h>

const uint8_t MiSansLatin_Bold17pt7bBitmaps[] PROGMEM = {
  0x00, 0xFD, 0xFB, 0xF7, 0xE7, 0xCF, 0x9F, 0x3E, 0x7C, 0xF9, 0xF3, 0xE7,
  0xCF, 0x9F, 0x3E, 0x7C, 0x00, 0x01, 0xC7, 0xDF, 0xBF, 0xFE, 0x7C, 0xFD,
  0xF7, 0x9F, 0x79, 0xE7, 0x9E, 0x79, 0xE7, 0x9E, 0x79, 0xE7, 0x9E, 0x78,
  0xE7, 0x0E, 0x01, 0xE1, 0xE0, 0x0F, 0x0F, 0x00, 0x78, 0x78, 0x03, 0xC3,
  0xC0, 0x1E, 0x3C, 0x01, 0xE1, 0xE0, 0x0F, 0x0F, 0x0F, 0xFF, 0xFF, 0x7F,
  0xFF, 0xFB, 0xFF, 0xFF, 0xDF, 0xFF, 0xFE, 0x0F, 0x0F, 0x00, 0x78, 0x78,
  0x03, 0xC3, 0xC0, 0x1E, 0x3C, 0x1F, 0xFF, 0xFE, 0xFF, 0xFF, 0xF7, 0xFF,
  0xFF, 0x83, 0xC3, 0xC0, 0x1E, 0x3C, 0x01, 0xE1, 0xE0, 0x0F, 0x0F, 0x00,
  0x78, 0x78, 0x03, 0xC3, 0xC0, 0x1E, 0x3C, 0x00, 0x00, 0xF0, 0x00, 0x1E,
  0x00, 0x03, 0xC0, 0x01, 0xFE, 0x00, 0xFF, 0xF0, 0x3F, 0xFF, 0x0F, 0xFF,
  0xF1, 0xFF, 0xFF, 0x7E, 0x07, 0xCF, 0x80, 0x71, 0xF0, 0x04, 0x3E, 0x00,
  0x07, 0xF0, 0x00, 0x7F, 0xC0, 0x07, 0xFF, 0x00, 0x7F, 0xF8, 0x07, 0xFF,
  0x80, 0x1F, 0xF8, 0x00, 0x3F, 0x80, 0x01, 0xF0, 0x80, 0x3E, 0x70, 0x07,
  0xFF, 0x00, 0xFB, 0xF8, 0x7F, 0x7F, 0xFF, 0xC7, 0xFF, 0xF0, 0x7F, 0xFC,
  0x03, 0xFF, 0x00, 0x0F, 0x00, 0x01, 0xE0, 0x00, 0x3C, 0x00, 0x07, 0x00,
  0x07, 0xC1, 0xFC, 0x00, 0xF8, 0x3F, 0xE0, 0x1F, 0x07, 0xFF, 0x01, 0xF0,
  0x78, 0xF0, 0x3E, 0x07, 0x07, 0x07, 0xC0, 0xF0, 0x70, 0xF8, 0x07, 0x0F,
  0x0F, 0x80, 0x7F, 0xF1, 0xF0, 0x03, 0xFE, 0x3E, 0x00, 0x1F, 0xC7, 0xC0,
  0x00, 0x70, 0x7C, 0x00, 0x00, 0x0F, 0x80, 0x00, 0x01, 0xF0, 0x00, 0x00,
  0x3F, 0x1F, 0xC0, 0x03, 0xE3, 0xFE, 0x00, 0x7C, 0x7F, 0xF0, 0x0F, 0x87,
  0x8F, 0x00, 0xF8, 0x70, 0x70, 0x1F, 0x0F, 0x07, 0x03, 0xE0, 0x70, 0xF0,
  0x7C, 0x07, 0x9F, 0x07, 0xC0, 0x7F, 0xE0, 0xF8, 0x03, 0xFC, 0x1F, 0x00,
  0x0F, 0x80, 0x00, 0xF8, 0x00, 0x01, 0xFF, 0x00, 0x01, 0xFF, 0xE0, 0x01,
  0xFF, 0xF0, 0x01, 0xFF, 0xFC, 0x00, 0xFC, 0x7F, 0x00, 0x7C, 0x1F, 0x80,
  0x3E, 0x0F, 0x80, 0x1F, 0x82, 0x00, 0x0F, 0xC0, 0x00, 0x03, 0xF0, 0x00,
  0x01, 0xFC, 0x00, 0x00, 0xFF, 0x00, 0x01, 0xFF, 0xC3, 0xC0, 0xFF, 0xF1,
  0xF8, 0xFF, 0xFD, 0xF8, 0x7E, 0x7F, 0xFC, 0x7E, 0x1F, 0xFE, 0x3F, 0x0F,
  0xFE, 0x1F, 0x83, 0xFF, 0x0F, 0xC0, 0xFF, 0x03, 0xF0, 0xFF, 0x81, 0xFF,
  0xFF, 0xE0, 0xFF, 0xFF, 0xF8, 0x3F, 0xFF, 0xFE, 0x07, 0xFF, 0x3F, 0x80,
  0xFC, 0x0F, 0xE0, 0xFF, 0xFE, 0xF7, 0xBD, 0xCE, 0x73, 0x80, 0x0F, 0x8F,
  0x87, 0xC3, 0xC3, 0xE1, 0xF0, 0xF0, 0xF8, 0x7C, 0x3E, 0x1E, 0x0F, 0x0F,
  0x87, 0xC3, 0xE1, 0xF0, 0x78, 0x3C, 0x1F, 0x0F, 0x87, 0xC3, 0xE0, 0xF8,
  0x7C, 0x3E, 0x0F, 0x87, 0xC1, 0xF0, 0xF8, 0x78, 0x7C, 0x3C, 0x3E, 0x3E,
  0x1E, 0x1F, 0x1F, 0x1F, 0x1F, 0x0F, 0x0F, 0x0F, 0x0F, 0x0F, 0x0F, 0x0F,
  0x1F, 0x1F, 0x1F, 0x1E, 0x3E, 0x3E, 0x3E, 0x7C, 0x7C, 0xF8, 0x0F, 0x00,
  0x70, 0x26, 0x67, 0x6E, 0xFF, 0xF1, 0xF8, 0x3F, 0xCF, 0xFF, 0x76, 0xE2,
  0x74, 0x0F, 0x00, 0x03, 0xE0, 0x03, 0xE0, 0x03, 0xE0, 0x03, 0xE0, 0x03,
  0xE0, 0xFF, 0xFF, 0xFF, 0xFF, 0xFF, 0xFF, 0xFF, 0xFF, 0xFF, 0xFF, 0x03,
  0xE0, 0x03, 0xE0, 0x03, 0xE0, 0x03, 0xE0, 0x03, 0xE0, 0x03, 0xE0, 0x7E,
  0xF9, 0xF3, 0xEF, 0x9F, 0x3E, 0x78, 0xF1, 0xE0, 0xFF, 0xFF, 0xFF, 0xFF,
  0xFF, 0xFF, 0xFF, 0xFF, 0x80, 0x7B, 0xFF, 0xFF, 0xFD, 0xE0, 0x00, 0xF8,
  0x0F, 0x80, 0x7C, 0x03, 0xE0, 0x3E, 0x01, 0xF0, 0x0F, 0x80, 0xF8, 0x07,
  0xC0, 0x3E, 0x03, 0xE0, 0x1F, 0x00, 0xF8, 0x07, 0xC0, 0x7C, 0x03, 0xE0,
  0x1F, 0x01, 0xF0, 0x0F, 0x80, 0x7C, 0x07, 0xC0, 0x3E, 0x01, 0xF0, 0x0F,
  0x80, 0xF8, 0x00, 0x03, 0xF8, 0x01, 0xFF, 0xC0, 0x7F, 0xFC, 0x0F, 0xFF,
  0xC3, 0xFF, 0xF8, 0x7E, 0x3F, 0x9F, 0x83, 0xF3, 0xF0, 0x3E, 0x7C, 0x07,
  0xEF, 0x80, 0xFF, 0xF0, 0x1F, 0xFE, 0x03, 0xFF, 0xC0, 0x7F, 0xF8, 0x0F,
  0xFF, 0x01, 0xFB, 0xE0, 0x3F, 0x7C, 0x07, 0xEF, 0x80, 0xF9, 0xF8, 0x1F,
  0x3F, 0x07, 0xE3, 0xFB, 0xF8, 0x7F, 0xFF, 0x07, 0xFF, 0xC0, 0x7F, 0xF0,
  0x07, 0xFC, 0x00, 0x01, 0xE0, 0xFC, 0x7F, 0xBF, 0xFF, 0xFF, 0xFF, 0xFE,
  0xFF, 0x9F, 0xC3, 0xE0, 0x7C, 0x0F, 0x81, 0xF0, 0x3E, 0x07, 0xC0, 0xF8,
  0x1F, 0x03, 0xE0, 0x7C, 0x0F, 0x81, 0xF0, 0x3E, 0x07, 0xC0, 0xF8, 0x1F,
  0x03, 0xE0, 0x07, 0xF0, 0x0F, 0xFE, 0x0F, 0xFF, 0x8F, 0xFF, 0xE7, 0xFF,
  0xF7, 0xE0, 0xFC, 0xE0, 0x7E, 0x10, 0x3F, 0x00, 0x1F, 0x80, 0x0F, 0xC0,
  0x07, 0xC0, 0x07, 0xE0, 0x07, 0xE0, 0x07, 0xE0, 0x07, 0xF0, 0x07, 0xF0,
  0x07, 0xF0, 0x07, 0xF0, 0x07, 0xF0, 0x07, 0xF0, 0x07, 0xFF, 0xFF, 0xFF,
  0xFF, 0xFF, 0xFF, 0xFF, 0xFF, 0xFF, 0xFF, 0x80, 0x7F, 0xFF, 0x1F, 0xFF,
  0xC7, 0xFF, 0xF1, 0xFF, 0xFC, 0x7F, 0xFF, 0x00, 0x1F, 0xC0, 0x0F, 0xC0,
  0x07, 0xE0, 0x03, 0xF0, 0x01, 0xF8, 0x00, 0xFF, 0x80, 0x3F, 0xF8, 0x07,
  0xFF, 0x00, 0xFF, 0xE0, 0x21, 0xF8, 0x00, 0x3E, 0x00, 0x0F, 0xC2, 0x03,
  0xF1, 0x80, 0xFD, 0xF0, 0x3E, 0xFE, 0x3F, 0x9F, 0xFF, 0xE3, 0xFF, 0xF0,
  0x7F, 0xF8, 0x0F, 0xF8, 0x00, 0x00, 0x7F, 0x00, 0x1F, 0xE0, 0x07, 0xFC,
  0x00, 0xFF, 0x80, 0x3F, 0xF0, 0x07, 0xFE, 0x01, 0xFF, 0xC0, 0x3E, 0xF8,
  0x0F, 0xDF, 0x01, 0xF3, 0xE0, 0x7E, 0x7C, 0x0F, 0x8F, 0x83, 0xE1, 0xF0,
  0x7C, 0x3E, 0x1F, 0x07, 0xC3, 0xE0, 0xF8, 0xFF, 0xFF, 0xFF, 0xFF, 0xFF,
  0xFF, 0xFF, 0xFF, 0xFF, 0xF0, 0x01, 0xF0, 0x00, 0x3E, 0x00, 0x07, 0xC0,
  0x00, 0xF8, 0x00, 0x1F, 0x00, 0x3F, 0xFF, 0x8F, 0xFF, 0xE3, 0xFF, 0xF8,
  0xFF, 0xFE, 0x7F, 0xFF, 0x9F, 0x80, 0x07, 0xE0, 0x01, 0xF0, 0x00, 0x7C,
  0x00, 0x1F, 0x7E, 0x07, 0xFF, 0xE1, 0xFF, 0xFC, 0x7F, 0xFF, 0x9F, 0xFF,
  0xE3, 0xC1, 0xF8, 0x20, 0x3F, 0x00, 0x0F, 0xC0, 0x03, 0xF1, 0x80, 0xFC,
  0xF0, 0x3E, 0xFE, 0x3F, 0x9F, 0xFF, 0xE3, 0xFF, 0xF0, 0x7F, 0xF8, 0x0F,
  0xF8, 0x00, 0x00, 0xFC, 0x00, 0x3F, 0x80, 0x07, 0xE0, 0x01, 0xF8, 0x00,
  0x3F, 0x00, 0x0F, 0xC0, 0x03, 0xF0, 0x00, 0x7E, 0x00, 0x1F, 0x80, 0x03,
  0xFF, 0x80, 0xFF, 0xFC, 0x1F, 0xFF, 0xC7, 0xFF, 0xFC, 0xFF, 0x7F, 0x9F,
  0x83, 0xF7, 0xE0, 0x3E, 0xFC, 0x07, 0xFF, 0x80, 0xFF, 0xF0, 0x1F, 0x3F,
  0x07, 0xE7, 0xF1, 0xFC, 0x7F, 0xFF, 0x0F, 0xFF, 0xE0, 0xFF, 0xF0, 0x07,
  0xFC, 0x00, 0xFF, 0xFF, 0xFF, 0xFF, 0xFF, 0xFF, 0xFF, 0xFF, 0xFF, 0xFF,
  0xF0, 0x01, 0xF8, 0x00, 0xF8, 0x00, 0xFC, 0x00, 0x7C, 0x00, 0x7E, 0x00,
  0x3E, 0x00, 0x3F, 0x00, 0x1F, 0x80, 0x1F, 0x80, 0x0F, 0xC0, 0x07, 0xC0,
  0x07, 0xE0, 0x03, 0xE0, 0x03, 0xF0, 0x01, 0xF0, 0x01, 0xF8, 0x00, 0xFC,
  0x00, 0xFC, 0x00, 0x7E, 0x00, 0x7E, 0x00, 0x00, 0x03, 0xF8, 0x01, 0xFF,
  0xC0, 0x7F, 0xFE, 0x1F, 0xFF, 0xC3, 0xFF, 0xFC, 0xFC, 0x1F, 0x9F, 0x81,
  0xF3, 0xF0, 0x3E, 0x3E, 0x0F, 0xC7, 0xF3, 0xF0, 0x7F, 0xFC, 0x07, 0xFF,
  0x00, 0xFF, 0xE0, 0x3F, 0xFF, 0x0F, 0xC7, 0xF3, 0xF0, 0x3E, 0x7C, 0x07,
  0xFF, 0x80, 0x7F, 0xF0, 0x1F, 0xBF, 0x03, 0xF7, 0xF1, 0xFE, 0xFF, 0xFF,
  0x8F, 0xFF, 0xE0, 0xFF, 0xF8, 0x07, 0xFE, 0x00, 0x03, 0xF8, 0x01, 0xFF,
  0xC0, 0x7F, 0xFC, 0x1F, 0xFF, 0xC7, 0xFF, 0xFC, 0xFC, 0x1F, 0xBF, 0x01,
  0xF7, 0xE0, 0x3E, 0xFC, 0x07, 0xFF, 0x80, 0xFB, 0xF0, 0x3F, 0x3F, 0x0F,
  0xE7, 0xFF, 0xFC, 0x7F, 0xFF, 0x07, 0xFF, 0xE0, 0x7F, 0xF8, 0x03, 0xBF,
  0x00, 0x0F, 0xC0, 0x01, 0xF8, 0x00, 0x7E, 0x00, 0x1F, 0x80, 0x03, 0xF0,
  0x00, 0xFC, 0x00, 0x1F, 0x80, 0x07, 0xE0, 0x00, 0x7B, 0xFF, 0xFF, 0xFD,
  0xE0, 0x00, 0x00, 0x00, 0x00, 0x7B, 0xFF, 0xFF, 0xFD, 0xE0, 0x3C, 0xF9,
  0xFB, 0xF7, 0xEF, 0x80, 0x00, 0x00, 0x00, 0x00, 0x00, 0x0F, 0xDF, 0x3E,
  0x7D, 0xF3, 0xE7, 0xCF, 0x1E, 0x3C, 0x00, 0x00, 0x01, 0x00, 0x03, 0x00,
  0x0F, 0x00, 0x3F, 0x00, 0xFF, 0x03, 0xFF, 0x0F, 0xFC, 0x3F, 0xF0, 0x7F,
  0xC0, 0xFF, 0x00, 0xFC, 0x00, 0xFF, 0x00, 0xFF, 0xC0, 0x3F, 0xF0, 0x0F,
  0xFC, 0x03, 0xFF, 0x01, 0xFF, 0x00, 0x7F, 0x00, 0x1F, 0x00, 0x07, 0x00,
  0x01, 0xFF, 0xFF, 0xFF, 0xFF, 0xFF, 0xFF, 0xFF, 0xFF, 0xFF, 0xFF, 0x00,
  0x00, 0x00, 0x00, 0x00, 0x00, 0xFF, 0xFF, 0xFF, 0xFF, 0xFF, 0xFF, 0xFF,
  0xFF, 0xFF, 0xFF, 0x80, 0x00, 0xE0, 0x00, 0xF8, 0x00, 0xFE, 0x00, 0xFF,
  0x00, 0xFF, 0xC0, 0x3F, 0xF0, 0x0F, 0xFC, 0x03, 0xFF, 0x00, 0xFF, 0x00,
  0x3F, 0x00, 0x7F, 0x01, 0xFF, 0x07, 0xFE, 0x1F, 0xF8, 0x7F, 0xE0, 0xFF,
  0x80, 0xFE, 0x00, 0xF8, 0x00, 0xE0, 0x00, 0xC0, 0x00, 0x07, 0xF0, 0x0F,
  0xFE, 0x0F, 0xFF, 0x8F, 0xFF, 0xE7, 0xFF, 0xF7, 0xE0, 0xF8, 0xE0, 0x7E,
  0x30, 0x3E, 0x00, 0x3F, 0x00, 0x3F, 0x80, 0x3F, 0x80, 0x3F, 0x80, 0x1F,
  0x00, 0x1F, 0x80, 0x0F, 0x80, 0x07, 0xC0, 0x03, 0xE0, 0x00, 0x00, 0x00,
  0x00, 0x00, 0x38, 0x00, 0x3E, 0x00, 0x1F, 0x80, 0x0F, 0xC0, 0x07, 0xE0,
  0x03, 0xE0, 0x00, 0x00, 0xF8, 0x00, 0x01, 0xFF, 0x00, 0x01, 0xFF, 0xE0,
  0x01, 0xFF, 0xF0, 0x01, 0xFF, 0xFC, 0x00, 0xFC, 0x7F, 0x00, 0x7C, 0x1F,
  0x80, 0x3E, 0x0F, 0x80, 0x1F, 0x82, 0x00, 0x0F, 0xC0, 0x00, 0x03, 0xF0,
  0x00, 0x01, 0xFC, 0x00, 0x00, 0xFF, 0x00, 0x01, 0xFF, 0xC3, 0xC0, 0xFF,
  0xF1, 0xF8, 0xFF, 0xFD, 0xF8, 0x7E, 0x7F, 0xFC, 0x7E, 0x1F, 0xFE, 0x3F,
  0x0F, 0xFE, 0x1F, 0x83, 0xFF, 0x0F, 0xC0, 0xFF, 0x03, 0xF0, 0xFF, 0x81,
  0xFF, 0xFF, 0xE0, 0xFF, 0xFF, 0xF8, 0x3F, 0xFF, 0xFE, 0x07, 0xFF, 0x3F,
  0x80, 0xFC, 0x0F, 0xE0, 0x00, 0x7E, 0x00, 0x00, 0x7E, 0x00, 0x00, 0x7F,
  0x00, 0x00, 0xFF, 0x00, 0x00, 0xFF, 0x00, 0x01, 0xFF, 0x80, 0x01, 0xFF,
  0x80, 0x01, 0xFF, 0x80, 0x03, 0xF7, 0xC0, 0x03, 0xE7, 0xC0, 0x03, 0xE7,
  0xE0, 0x07, 0xC3, 0xE0, 0x07, 0xC3, 0xE0, 0x0F, 0xC3, 0xF0, 0x0F, 0xFF,
  0xF0, 0x0F, 0xFF, 0xF0, 0x1F, 0xFF, 0xF8, 0x1F, 0xFF, 0xF8, 0x1F, 0xFF,
  0xFC, 0x3F, 0x00, 0xFC, 0x3E, 0x00, 0x7C, 0x7E, 0x00, 0x7E, 0x7E, 0x00,
  0x3E, 0x7C, 0x00, 0x3E, 0xFC, 0x00, 0x3F, 0xFF, 0xF0, 0x0F, 0xFF, 0xF0,
  0xFF, 0xFF, 0x8F, 0xFF, 0xFC, 0xFF, 0xFF, 0xCF, 0x80, 0xFC, 0xF8, 0x07,
  0xCF, 0x80, 0x7C, 0xF8, 0x07, 0xCF, 0x80, 0xFC, 0xFF, 0xFF, 0x8F, 0xFF,
  0xF0, 0xFF, 0xFF, 0x0F, 0xFF, 0xFC, 0xFF, 0xFF, 0xEF, 0x80, 0x7E, 0xF8,
  0x03, 0xFF, 0x80, 0x3F, 0xF8, 0x03, 0xFF, 0x80, 0x7F, 0xFF, 0xFF, 0xEF,
  0xFF, 0xFE, 0xFF, 0xFF, 0xCF, 0xFF, 0xF8, 0xFF, 0xFE, 0x00, 0x00, 0xFF,
  0x00, 0x0F, 0xFF, 0x00, 0xFF, 0xFE, 0x07, 0xFF, 0xFC, 0x1F, 0xFF, 0xF8,
  0xFE, 0x07, 0xF7, 0xF0, 0x0F, 0x1F, 0x80, 0x10, 0x7C, 0x00, 0x03, 0xF0,
  0x00, 0x0F, 0xC0, 0x00, 0x3F, 0x00, 0x00, 0xFC, 0x00, 0x03, 0xF0, 0x00,
  0x0F, 0xC0, 0x00, 0x3F, 0x00, 0x00, 0x7C, 0x00, 0x01, 0xF8, 0x01, 0x07,
  0xE0, 0x0E, 0x0F, 0xE0, 0x7E, 0x3F, 0xF7, 0xFC, 0x7F, 0xFF, 0xE0, 0xFF,
  0xFF, 0x01, 0xFF, 0xF8, 0x01, 0xFF, 0x80, 0xFF, 0xF0, 0x03, 0xFF, 0xF8,
  0x0F, 0xFF, 0xF8, 0x3F, 0xFF, 0xF0, 0xFF, 0xFF, 0xE3, 0xE0, 0x7F, 0xCF,
  0x80, 0x3F, 0xBE, 0x00, 0x7E, 0xF8, 0x01, 0xFB, 0xE0, 0x03, 0xEF, 0x80,
  0x0F, 0xFE, 0x00, 0x3F, 0xF8, 0x00, 0xFF, 0xE0, 0x03, 0xFF, 0x80, 0x0F,
  0xFE, 0x00, 0x3E, 0xF8, 0x00, 0xFB, 0xE0, 0x07, 0xEF, 0x80, 0x3F, 0xBE,
  0x03, 0xFC, 0xFF, 0xFF, 0xE3, 0xFF, 0xFF, 0x8F, 0xFF, 0xF8, 0x3F, 0xFF,
  0xC0, 0xFF, 0xFC, 0x00, 0xFF, 0xFF, 0xFF, 0xFF, 0xFF, 0xFF, 0xFF, 0xFF,
  0xFF, 0xFF, 0xFF, 0xC0, 0x03, 0xE0, 0x01, 0xF0, 0x00, 0xF8, 0x00, 0x7C,
  0x00, 0x3F, 0xFF, 0xDF, 0xFF, 0xEF, 0xFF, 0xF7, 0xFF, 0xFB, 0xFF, 0xFD,
  0xF0, 0x00, 0xF8, 0x00, 0x7C, 0x00, 0x3E, 0x00, 0x1F, 0x00, 0x0F, 0xFF,
  0xFF, 0xFF, 0xFF, 0xFF, 0xFF, 0xFF, 0xFF, 0xFF, 0xFF, 0x80, 0xFF, 0xFF,
  0xFF, 0xFF, 0xFF, 0xFF, 0xFF, 0xFF, 0xFF, 0xFF, 0xF8, 0x00, 0xF8, 0x00,
  0xF8, 0x00, 0xF8, 0x00, 0xF8, 0x00, 0xF8, 0x00, 0xFF, 0xFF, 0xFF, 0xFF,
  0xFF, 0xFF, 0xFF, 0xFF, 0xFF, 0xFF, 0xF8, 0x00, 0xF8, 0x00, 0xF8, 0x00,
  0xF8, 0x00, 0xF8, 0x00, 0xF8, 0x00, 0xF8, 0x00, 0xF8, 0x00, 0xF8, 0x00,
  0x00, 0xFF, 0x00, 0x0F, 0xFF, 0x00, 0xFF, 0xFF, 0x07, 0xFF, 0xFE, 0x1F,
  0xFF, 0xF8, 0xFE, 0x07, 0xC7, 0xF0, 0x0E, 0x1F, 0x80, 0x10, 0x7C, 0x00,
  0x01, 0xF0, 0x00, 0x0F, 0xC0, 0x00, 0x3F, 0x03, 0xFF, 0xFC, 0x0F, 0xFF,
  0xF0, 0x3F, 0xFF, 0xC0, 0xFF, 0xFF, 0x03, 0xFF, 0x7C, 0x00, 0x7D, 0xF8,
  0x01, 0xF7, 0xE0, 0x07, 0xCF, 0xC0, 0x3F, 0x3F, 0xE7, 0xFC, 0x7F, 0xFF,
  0xE0, 0xFF, 0xFF, 0x01, 0xFF, 0xF8, 0x01, 0xFF, 0x80, 0xF8, 0x00, 0xFF,
  0xC0, 0x07, 0xFE, 0x00, 0x3F, 0xF0, 0x01, 0xFF, 0x80, 0x0F, 0xFC, 0x00,
  0x7F, 0xE0, 0x03, 0xFF, 0x00, 0x1F, 0xF8, 0x00, 0xFF, 0xC0, 0x07, 0xFF,
  0xFF, 0xFF, 0xFF, 0xFF, 0xFF, 0xFF, 0xFF, 0xFF, 0xFF, 0xFF, 0xFF, 0xFF,
  0xFF, 0x00, 0x1F, 0xF8, 0x00, 0xFF, 0xC0, 0x07, 0xFE, 0x00, 0x3F, 0xF0,
  0x01, 0xFF, 0x80, 0x0F, 0xFC, 0x00, 0x7F, 0xE0, 0x03, 0xFF, 0x00, 0x1F,
  0xF8, 0x00, 0xF8, 0xFF, 0xFF, 0xFF, 0xFF, 0xFF, 0xFF, 0xFF, 0xFF, 0xFF,
  0xFF, 0xFF, 0xFF, 0xFF, 0xFF, 0xFF, 0xF8, 0x00, 0x3F, 0x00, 0x3F, 0x00,
  0x3F, 0x00, 0x3F, 0x00, 0x3F, 0x00, 0x3F, 0x00, 0x3F, 0x00, 0x3F, 0x00,
  0x3F, 0x00, 0x3F, 0x00, 0x3F, 0x00, 0x3F, 0x00, 0x3F, 0x00, 0x3F, 0x00,
  0x3F, 0x00, 0x3F, 0x00, 0x3F, 0x00, 0x3F, 0x18, 0x3F, 0x38, 0x3E, 0xFE,
  0xFE, 0xFF, 0xFE, 0x7F, 0xFC, 0x3F, 0xF8, 0x1F, 0xF0, 0xF8, 0x01, 0xFB,
  0xE0, 0x0F, 0xCF, 0x80, 0x7E, 0x3E, 0x03, 0xF0, 0xF8, 0x1F, 0x83, 0xE0,
  0xFC, 0x0F, 0x87, 0xE0, 0x3E, 0x3F, 0x80, 0xF9, 0xFC, 0x03, 0xEF, 0xE0,
  0x0F, 0xBF, 0x00, 0x3F, 0xFE, 0x00, 0xFF, 0xFC, 0x03, 0xFF, 0xF0, 0x0F,
  0xF7, 0xE0, 0x3F, 0x9F, 0xC0, 0xFC, 0x3F, 0x03, 0xE0, 0xFE, 0x0F, 0x81,
  0xFC, 0x3E, 0x03, 0xF0, 0xF8, 0x0F, 0xE3, 0xE0, 0x1F, 0xCF, 0x80, 0x3F,
  0x3E, 0x00, 0xFE, 0xF8, 0x01, 0xFC, 0xF8, 0x00, 0x7C, 0x00, 0x3E, 0x00,
  0x1F, 0x00, 0x0F, 0x80, 0x07, 0xC0, 0x03, 0xE0, 0x01, 0xF0, 0x00, 0xF8,
  0x00, 0x7C, 0x00, 0x3E, 0x00, 0x1F, 0x00, 0x0F, 0x80, 0x07, 0xC0, 0x03,
  0xE0, 0x01, 0xF0, 0x00, 0xF8, 0x00, 0x7C, 0x00, 0x3E, 0x00, 0x1F, 0x00,
  0x0F, 0xFF, 0xFF, 0xFF, 0xFF, 0xFF, 0xFF, 0xFF, 0xFF, 0xFF, 0xFF, 0x80,
  0xF8, 0x00, 0x07, 0xFF, 0x00, 0x01, 0xFF, 0xC0, 0x00, 0xFF, 0xF8, 0x00,
  0x7F, 0xFE, 0x00, 0x1F, 0xFF, 0xC0, 0x0F, 0xFF, 0xF8, 0x07, 0xFF, 0xFE,
  0x01, 0xFF, 0xFF, 0xC0, 0xFF, 0xFF, 0xF8, 0x7F, 0xFF, 0xBE, 0x1F, 0x7F,
  0xEF, 0xCF, 0xDF, 0xF9, 0xFF, 0xE7, 0xFE, 0x3F, 0xF1, 0xFF, 0x8F, 0xFC,
  0x7F, 0xE1, 0xFE, 0x1F, 0xF8, 0x3F, 0x07, 0xFE, 0x0F, 0xC1, 0xFF, 0x81,
  0xE0, 0x7F, 0xE0, 0x00, 0x1F, 0xF8, 0x00, 0x07, 0xFE, 0x00, 0x01, 0xFF,
  0x80, 0x00, 0x7F, 0xE0, 0x00, 0x1F, 0xF8, 0x00, 0x07, 0xC0, 0xF8, 0x00,
  0xFF, 0xE0, 0x07, 0xFF, 0x00, 0x3F, 0xFC, 0x01, 0xFF, 0xF0, 0x0F, 0xFF,
  0x80, 0x7F, 0xFE, 0x03, 0xFF, 0xF8, 0x1F, 0xFF, 0xC0, 0xFF, 0xFF, 0x07,
  0xFE, 0xFC, 0x3F, 0xF3, 0xF1, 0xFF, 0x9F, 0x8F, 0xFC, 0x7E, 0x7F, 0xE1,
  0xFB, 0xFF, 0x0F, 0xDF, 0xF8, 0x3F, 0xFF, 0xC0, 0xFF, 0xFE, 0x03, 0xFF,
  0xF0, 0x1F, 0xFF, 0x80, 0x7F, 0xFC, 0x01, 0xFF, 0xE0, 0x0F, 0xFF, 0x00,
  0x3F, 0xF8, 0x00, 0xF8, 0x00, 0xFF, 0x00, 0x07, 0xFF, 0x80, 0x3F, 0xFF,
  0x80, 0xFF, 0xFF, 0x83, 0xFF, 0xFF, 0x87, 0xF0, 0x3F, 0x9F, 0xC0, 0x3F,
  0x3F, 0x00, 0x3F, 0x7C, 0x00, 0x7F, 0xF8, 0x00, 0x7F, 0xF0, 0x00, 0xFF,
  0xE0, 0x01, 0xFF, 0xC0, 0x03, 0xFF, 0x80, 0x07, 0xFF, 0x00, 0x0F, 0xFE,
  0x00, 0x1F, 0x7C, 0x00, 0x7E, 0xFC, 0x00, 0xFD, 0xF8, 0x03, 0xF1, 0xF8,
  0x0F, 0xE3, 0xFE, 0xFF, 0x83, 0xFF, 0xFF, 0x03, 0xFF, 0xFC, 0x03, 0xFF,
  0xF0, 0x01, 0xFF, 0x80, 0xFF, 0xF0, 0x1F, 0xFF, 0xC3, 0xFF, 0xFC, 0x7F,
  0xFF, 0xCF, 0xFF, 0xFD, 0xF0, 0x3F, 0xBE, 0x01, 0xFF, 0xC0, 0x3F, 0xF8,
  0x03, 0xFF, 0x00, 0x7F, 0xE0, 0x1F, 0xFC, 0x07, 0xFF, 0xFF, 0xFD, 0xFF,
  0xFF, 0xBF, 0xFF, 0xE7, 0xFF, 0xF8, 0xFF, 0xFC, 0x1F, 0x00, 0x03, 0xE0,
  0x00, 0x7C, 0x00, 0x0F, 0x80, 0x01, 0xF0, 0x00, 0x3E, 0x00, 0x07, 0xC0,
  0x00, 0xF8, 0x00, 0x00, 0x00, 0x7F, 0x00, 0x01, 0xFF, 0xF0, 0x01, 0xFF,
  0xFC, 0x01, 0xFF, 0xFF, 0x01, 0xFF, 0xFF, 0xC1, 0xFF, 0x1F, 0xF0, 0xFE,
  0x03, 0xF8, 0xFE, 0x00, 0xFE, 0x7E, 0x00, 0x3F, 0x3F, 0x00, 0x1F, 0xBF,
  0x00, 0x07, 0xDF, 0x80, 0x03, 0xFF, 0xC0, 0x01, 0xFF, 0xE0, 0x00, 0xFF,
  0xF0, 0x00, 0x7F, 0xF8, 0x00, 0x3F, 0xFC, 0x00, 0x1F, 0x3F, 0x00, 0x1F,
  0x9F, 0x80, 0x0F, 0xCF, 0xE0, 0x0F, 0xE3, 0xF8, 0x0F, 0xE1, 0xFE, 0x1F,
  0xF0, 0x7F, 0xFF, 0xF0, 0x1F, 0xFF, 0xF8, 0x07, 0xFF, 0xFE, 0x01, 0xFF,
  0xFF, 0x80, 0x3F, 0xDF, 0xE0, 0x00, 0x07, 0xE0, 0x00, 0x01, 0xC0, 0x00,
  0x00, 0x40, 0xFF, 0xF0, 0x0F, 0xFF, 0xE0, 0xFF, 0xFF, 0x0F, 0xFF, 0xF8,
  0xFF, 0xFF, 0xCF, 0x81, 0xFC, 0xF8, 0x07, 0xCF, 0x80, 0x7E, 0xF8, 0x07,
  0xEF, 0x80, 0x7E, 0xF8, 0x0F, 0xCF, 0x83, 0xFC, 0xFF, 0xFF, 0xCF, 0xFF,
  0xF8, 0xFF, 0xFF, 0x0F, 0xFF, 0xC0, 0xF8, 0x7E, 0x0F, 0x83, 0xE0, 0xF8,
  0x3F, 0x0F, 0x81, 0xF8, 0xF8, 0x1F, 0x8F, 0x80, 0xFC, 0xF8, 0x0F, 0xCF,
  0x80, 0x7E, 0xF8, 0x07, 0xF0, 0x03, 0xFC, 0x01, 0xFF, 0xE0, 0x7F, 0xFE,
  0x1F, 0xFF, 0xE7, 0xFF, 0xFC, 0xFC, 0x0F, 0xFF, 0x00, 0xE7, 0xE0, 0x08,
  0xFC, 0x00, 0x0F, 0xE0, 0x01, 0xFF, 0x80, 0x1F, 0xFE, 0x01, 0xFF, 0xF0,
  0x0F, 0xFF, 0x00, 0x3F, 0xF0, 0x00, 0xFF, 0x00, 0x07, 0xE2, 0x00, 0x7C,
  0xE0, 0x0F, 0xFE, 0x03, 0xFF, 0xF1, 0xFE, 0xFF, 0xFF, 0x8F, 0xFF, 0xE0,
  0xFF, 0xF8, 0x07, 0xFC, 0x00, 0xFF, 0xFF, 0xFF, 0xFF, 0xFF, 0xFF, 0xFF,
  0xFF, 0xFF, 0xFF, 0xFF, 0xFE, 0x03, 0xE0, 0x00, 0x7C, 0x00, 0x0F, 0x80,
  0x01, 0xF0, 0x00, 0x3E, 0x00, 0x07, 0xC0, 0x00, 0xF8, 0x00, 0x1F, 0x00,
  0x03, 0xE0, 0x00, 0x7C, 0x00, 0x0F, 0x80, 0x01, 0xF0, 0x00, 0x3E, 0x00,
  0x07, 0xC0, 0x00, 0xF8, 0x00, 0x1F, 0x00, 0x03, 0xE0, 0x00, 0x7C, 0x00,
  0x0F, 0x80, 0x01, 0xF0, 0x00, 0xF8, 0x01, 0xFF, 0x80, 0x1F, 0xF8, 0x01,
  0xFF, 0x80, 0x1F, 0xF8, 0x01, 0xFF, 0x80, 0x1F, 0xF8, 0x01, 0xFF, 0x80,
  0x1F, 0xF8, 0x01, 0xFF, 0x80, 0x1F, 0xF8, 0x01, 0xFF, 0x80, 0x1F, 0xF8,
  0x01, 0xFF, 0x80, 0x1F, 0xF8, 0x01, 0xFF, 0x80, 0x1F, 0xF8, 0x01, 0xFF,
  0xC0, 0x3F, 0xFC, 0x03, 0xF7, 0xE0, 0x7E, 0x7F, 0xDF, 0xE3, 0xFF, 0xFC,
  0x3F, 0xFF, 0xC0, 0xFF, 0xF8, 0x07, 0xFE, 0x00, 0xFC, 0x00, 0x3F, 0x7C,
  0x00, 0x3F, 0x7E, 0x00, 0x3E, 0x7E, 0x00, 0x7E, 0x3E, 0x00, 0x7E, 0x3F,
  0x00, 0x7C, 0x3F, 0x00, 0xFC, 0x1F, 0x00, 0xF8, 0x1F, 0x80, 0xF8, 0x0F,
  0x81, 0xF8, 0x0F, 0x81, 0xF0, 0x0F, 0xC3, 0xF0, 0x07, 0xC3, 0xF0, 0x07,
  0xC3, 0xE0, 0x07, 0xE7, 0xE0, 0x03, 0xE7, 0xC0, 0x03, 0xF7, 0xC0, 0x01,
  0xFF, 0xC0, 0x01, 0xFF, 0x80, 0x01, 0xFF, 0x80, 0x00, 0xFF, 0x80, 0x00,
  0xFF, 0x00, 0x00, 0xFF, 0x00, 0x00, 0x7E, 0x00, 0x00, 0x7E, 0x00, 0xFC,
  0x01, 0xF8, 0x03, 0xEF, 0x80, 0x3F, 0x00, 0x7D, 0xF0, 0x0F, 0xE0, 0x1F,
  0xBF, 0x01, 0xFC, 0x03, 0xF7, 0xE0, 0x3F, 0xC0, 0x7C, 0x7C, 0x0F, 0xF8,
  0x0F, 0x8F, 0x81, 0xFF, 0x03, 0xF1, 0xF8, 0x3F, 0xF0, 0x7C, 0x3F, 0x07,
  0xBE, 0x0F, 0x83, 0xE1, 0xF7, 0xC1, 0xF0, 0x7C, 0x3E, 0x78, 0x7E, 0x0F,
  0xC7, 0xCF, 0x8F, 0x80, 0xF9, 0xF1, 0xF1, 0xF0, 0x1F, 0x3E, 0x1E, 0x3E,
  0x03, 0xE7, 0xC3, 0xEF, 0x80, 0x7E, 0xF0, 0x7D, 0xF0, 0x07, 0xFE, 0x0F,
  0xBE, 0x00, 0xFF, 0xC0, 0xFF, 0xC0, 0x1F, 0xF0, 0x1F, 0xF0, 0x03, 0xFE,
  0x03, 0xFE, 0x00, 0x3F, 0xC0, 0x3F, 0xC0, 0x07, 0xF0, 0x07, 0xF0, 0x00,
  0xFE, 0x00, 0xFE, 0x00, 0x0F, 0xC0, 0x0F, 0xC0, 0x01, 0xF0, 0x01, 0xF8,
  0x00, 0xFC, 0x00, 0xFE, 0xFC, 0x03, 0xF8, 0xFC, 0x07, 0xE1, 0xF8, 0x1F,
  0x81, 0xF8, 0x3F, 0x01, 0xF8, 0xFC, 0x03, 0xF3, 0xF0, 0x03, 0xF7, 0xE0,
  0x03, 0xFF, 0x80, 0x07, 0xFE, 0x00, 0x07, 0xFC, 0x00, 0x07, 0xF0, 0x00,
  0x0F, 0xE0, 0x00, 0x3F, 0xC0, 0x00, 0x7F, 0xC0, 0x01, 0xFF, 0xC0, 0x07,
  0xFF, 0x80, 0x0F, 0xDF, 0x80, 0x3F, 0x3F, 0x80, 0xFC, 0x3F, 0x01, 0xF8,
  0x3F, 0x07, 0xE0, 0x7F, 0x1F, 0xC0, 0x7E, 0x3F, 0x00, 0x7E, 0xFC, 0x00,
  0xFE, 0xFC, 0x00, 0x7E, 0xFC, 0x00, 0xFD, 0xF8, 0x03, 0xF1, 0xF8, 0x07,
  0xE3, 0xF0, 0x1F, 0x83, 0xF0, 0x7E, 0x03, 0xE0, 0xFC, 0x07, 0xE3, 0xF0,
  0x07, 0xC7, 0xE0, 0x0F, 0xDF, 0x80, 0x0F, 0xBE, 0x00, 0x0F, 0xFC, 0x00,
  0x1F, 0xF0, 0x00, 0x1F, 0xE0, 0x00, 0x3F, 0x80, 0x00, 0x3E, 0x00, 0x00,
  0x7C, 0x00, 0x00, 0xF8, 0x00, 0x01, 0xF0, 0x00, 0x03, 0xE0, 0x00, 0x07,
  0xC0, 0x00, 0x0F, 0x80, 0x00, 0x1F, 0x00, 0x00, 0x3E, 0x00, 0x00, 0x7C,
  0x00, 0xFF, 0xFF, 0xFF, 0xFF, 0xFF, 0xFF, 0xFF, 0xFF, 0xFF, 0xFF, 0xFF,
  0xFE, 0x00, 0x1F, 0x80, 0x07, 0xE0, 0x01, 0xFC, 0x00, 0x7F, 0x00, 0x0F,
  0xC0, 0x03, 0xF0, 0x00, 0xFE, 0x00, 0x3F, 0x80, 0x07, 0xE0, 0x01, 0xF8,
  0x00, 0x7F, 0x00, 0x1F, 0xC0, 0x03, 0xF0, 0x00, 0xFC, 0x00, 0x3F, 0x80,
  0x0F, 0xFF, 0xFF, 0xFF, 0xFF, 0xFF, 0xFF, 0xFF, 0xFF, 0xFF, 0xFF, 0xFF,
  0xE0, 0xFF, 0xFF, 0xFF, 0xFF, 0xFF, 0x87, 0xC3, 0xE1, 0xF0, 0xF8, 0x7C,
  0x3E, 0x1F, 0x0F, 0x87, 0xC3, 0xE1, 0xF0, 0xF8, 0x7C, 0x3E, 0x1F, 0x0F,
  0x87, 0xC3, 0xE1, 0xF0, 0xFF, 0xFF, 0xFF, 0xFF, 0xF0, 0xF8, 0x03, 0xC0,
  0x1F, 0x00, 0xF8, 0x07, 0xC0, 0x1F, 0x00, 0xF8, 0x07, 0xC0, 0x1F, 0x00,
  0xF8, 0x07, 0xC0, 0x1E, 0x00, 0xF8, 0x07, 0xC0, 0x3E, 0x00, 0xF8, 0x07,
  0xC0, 0x3E, 0x00, 0xF8, 0x07, 0xC0, 0x3E, 0x00, 0xF0, 0x07, 0xC0, 0x3E,
  0x01, 0xF8, 0xFF, 0xFF, 0xFF, 0xFF, 0xF0, 0xF8, 0x7C, 0x3E, 0x1F, 0x0F,
  0x87, 0xC3, 0xE1, 0xF0, 0xF8, 0x7C, 0x3E, 0x1F, 0x0F, 0x87, 0xC3, 0xE1,
  0xF0, 0xF8, 0x7C, 0x3E, 0x1F, 0xFF, 0xFF, 0xFF, 0xFF, 0xF0, 0x0F, 0x80,
  0x3F, 0x01, 0xFC, 0x07, 0xF8, 0x3D, 0xF0, 0xF3, 0xC7, 0x8F, 0xBE, 0x1E,
  0xF0, 0x7C, 0xFF, 0xFF, 0xFF, 0xFF, 0xFF, 0xFF, 0xFF, 0xF0, 0x30, 0x78,
  0xF8, 0xFC, 0x7E, 0x1F, 0x0E, 0x04, 0x07, 0xE0, 0x1F, 0xF8, 0x3F, 0xFC,
  0x7F, 0xFE, 0x3C, 0x7F, 0x18, 0x3F, 0x00, 0x1F, 0x01, 0xFF, 0x1F, 0xFF,
  0x3F, 0xFF, 0x7F, 0xFF, 0xFF, 0xFF, 0xFC, 0x1F, 0xF8, 0x1F, 0xF8, 0x3F,
  0xFF, 0xFF, 0xFF, 0xFF, 0x7F, 0xDF, 0x3F, 0x9F, 0xF8, 0x00, 0x3E, 0x00,
  0x0F, 0x80, 0x03, 0xE0, 0x00, 0xF8, 0x00, 0x3E, 0x00, 0x0F, 0x8F, 0x83,
  0xEF, 0xF8, 0xFF, 0xFF, 0x3F, 0xFF, 0xCF, 0xFF, 0xFB, 0xF0, 0x7E, 0xFC,
  0x0F, 0xBE, 0x03, 0xEF, 0x80, 0xFB, 0xE0, 0x3F, 0xF8, 0x0F, 0xBE, 0x03,
  0xEF, 0x80, 0xFB, 0xF0, 0x7E, 0xFE, 0x3F, 0xBF, 0xFF, 0xCF, 0xFF, 0xF3,
  0xEF, 0xF8, 0xF9, 0xFC, 0x00, 0x03, 0xF0, 0x07, 0xFE, 0x07, 0xFF, 0x87,
  0xFF, 0xE7, 0xFF, 0xFB, 0xF0, 0xF3, 0xF0, 0x31, 0xF8, 0x00, 0xF8, 0x00,
  0x7C, 0x00, 0x3E, 0x00, 0x1F, 0x00, 0x0F, 0xC0, 0x83, 0xE0, 0x71, 0xFC,
  0xFC, 0x7F, 0xFF, 0x3F, 0xFF, 0x0F, 0xFF, 0x01, 0xFE, 0x00, 0x00, 0x07,
  0xC0, 0x01, 0xF0, 0x00, 0x7C, 0x00, 0x1F, 0x00, 0x07, 0xC0, 0x01, 0xF0,
  0x7C, 0x7C, 0x7F, 0xDF, 0x3F, 0xF7, 0xDF, 0xFF, 0xF7, 0xFF, 0xFD, 0xF8,
  0x7F, 0xFC, 0x0F, 0xFF, 0x03, 0xFF, 0x80, 0x7F, 0xE0, 0x1F, 0xF8, 0x07,
  0xFE, 0x01, 0xFF, 0xC0, 0xFD, 0xF0, 0x3F, 0x7F, 0x3F, 0xDF, 0xFF, 0xF3,
  0xFF, 0xFC, 0x7F, 0xDF, 0x0F, 0xE7, 0xC0, 0x03, 0xF0, 0x07, 0xFE, 0x07,
  0xFF, 0x87, 0xFF, 0xE7, 0xE1, 0xFB, 0xE0, 0x7F, 0xF0, 0x3F, 0xFF, 0xFF,
  0xFF, 0xFF, 0xFF, 0xFF, 0xFF, 0xFF, 0xFF, 0x00, 0x0F, 0xC0, 0x03, 0xE0,
  0x61, 0xF8, 0x7C, 0xFF, 0xFF, 0x3F, 0xFF, 0x0F, 0xFF, 0x01, 0xFE, 0x00,
  0x03, 0xF8, 0x7F, 0xC3, 0xFE, 0x3F, 0xF1, 0xF8, 0x8F, 0x80, 0x7C, 0x1F,
  0xFF, 0xFF, 0xFF, 0xFF, 0xFF, 0xFF, 0xFF, 0xF1, 0xF0, 0x0F, 0x80, 0x7C,
  0x03, 0xE0, 0x1F, 0x00, 0xF8, 0x07, 0xC0, 0x3E, 0x01, 0xF0, 0x0F, 0x80,
  0x7C, 0x03, 0xE0, 0x1F, 0x00, 0x07, 0xC7, 0xC7, 0xF9, 0xF3, 0xFF, 0x7D,
  0xFF, 0xFF, 0x7F, 0xFF, 0xFF, 0x87, 0xFF, 0xC0, 0xFF, 0xE0, 0x3F, 0xF8,
  0x07, 0xFE, 0x01, 0xFF, 0x80, 0x7F, 0xF0, 0x3F, 0xFC, 0x0F, 0xDF, 0x87,
  0xF7, 0xFF, 0xFC, 0xFF, 0xFF, 0x3F, 0xF7, 0xC3, 0xF9, 0xF0, 0x38, 0x7C,
  0x20, 0x3F, 0x18, 0x0F, 0x9F, 0x87, 0xE7, 0xFF, 0xF0, 0xFF, 0xFC, 0x1F,
  0xFE, 0x03, 0xFE, 0x00, 0xF8, 0x00, 0xF8, 0x00, 0xF8, 0x00, 0xF8, 0x00,
  0xF8, 0x00, 0xF8, 0x00, 0xF8, 0xF8, 0xFB, 0xFC, 0xFF, 0xFE, 0xFF, 0xFF,
  0xFF, 0xFF, 0xFC, 0x3F, 0xF8, 0x1F, 0xF8, 0x1F, 0xF8, 0x1F, 0xF8, 0x1F,
  0xF8, 0x1F, 0xF8, 0x1F, 0xF8, 0x1F, 0xF8, 0x1F, 0xF8, 0x1F, 0xF8, 0x1F,
  0xF8, 0x1F, 0xF8, 0x1F, 0xF8, 0x1F, 0x73, 0xEF, 0xFF, 0xF9, 0xE0, 0x00,
  0xFB, 0xEF, 0xBE, 0xFB, 0xEF, 0xBE, 0xFB, 0xEF, 0xBE, 0xFB, 0xEF, 0xBE,
  0xFB, 0xE0, 0x07, 0x03, 0xE0, 0xFC, 0x3F, 0x0F, 0xC1, 0xE0, 0x00, 0x00,
  0x0F, 0x83, 0xE0, 0xF8, 0x3E, 0x0F, 0x83, 0xE0, 0xF8, 0x3E, 0x0F, 0x83,
  0xE0, 0xF8, 0x3E, 0x0F, 0x83, 0xE0, 0xF8, 0x3E, 0x0F, 0x83, 0xE0, 0xF8,
  0x3E, 0xFF, 0xBF, 0xEF, 0xFB, 0xFC, 0xFE, 0x00, 0xF8, 0x00, 0x3E, 0x00,
  0x0F, 0x80, 0x03, 0xE0, 0x00, 0xF8, 0x00, 0x3E, 0x00, 0x0F, 0x81, 0xFB,
  0xE0, 0xFC, 0xF8, 0x7E, 0x3E, 0x3F, 0x0F, 0x8F, 0x83, 0xE7, 0xC0, 0xFB,
  0xE0, 0x3F, 0xF8, 0x0F, 0xFE, 0x03, 0xFF, 0xC0, 0xFF, 0xF8, 0x3F, 0xFE,
  0x0F, 0xCF, 0xC3, 0xE3, 0xF0, 0xF8, 0x7E, 0x3E, 0x1F, 0xCF, 0x83, 0xF3,
  0xE0, 0x7E, 0xF8, 0x1F, 0xC0, 0xF9, 0xF3, 0xE7, 0xCF, 0x9F, 0x3E, 0x7C,
  0xF9, 0xF3, 0xE7, 0xCF, 0x9F, 0x3E, 0x7C, 0xF9, 0xF3, 0xE7, 0xCF, 0xFF,
  0xFF, 0xBF, 0x3E, 0xF8, 0xF8, 0x3E, 0x3E, 0xFF, 0x3F, 0xCF, 0xFF, 0xDF,
  0xFB, 0xFF, 0xFF, 0xFF, 0xFF, 0xFF, 0xFF, 0xFF, 0x0F, 0xC3, 0xFF, 0x83,
  0xF0, 0x7F, 0xE0, 0xFC, 0x1F, 0xF8, 0x3E, 0x07, 0xFE, 0x0F, 0x81, 0xFF,
  0x83, 0xE0, 0x7F, 0xE0, 0xF8, 0x1F, 0xF8, 0x3E, 0x07, 0xFE, 0x0F, 0x81,
  0xFF, 0x83, 0xE0, 0x7F, 0xE0, 0xF8, 0x1F, 0xF8, 0x3E, 0x07, 0xFE, 0x0F,
  0x81, 0xFF, 0x83, 0xE0, 0x7C, 0xF8, 0xF8, 0xFB, 0xFC, 0xFF, 0xFE, 0xFF,
  0xFF, 0xFF, 0xFF, 0xFC, 0x3F, 0xF8, 0x1F, 0xF8, 0x1F, 0xF8, 0x1F, 0xF8,
  0x1F, 0xF8, 0x1F, 0xF8, 0x1F, 0xF8, 0x1F, 0xF8, 0x1F, 0xF8, 0x1F, 0xF8,
  0x1F, 0xF8, 0x1F, 0xF8, 0x1F, 0xF8, 0x1F, 0x03, 0xF0, 0x03, 0xFF, 0x01,
  0xFF, 0xF0, 0xFF, 0xFC, 0x7F, 0xFF, 0x9F, 0x87, 0xEF, 0xC0, 0xFF, 0xF0,
  0x3F, 0xF8, 0x07, 0xFE, 0x01, 0xFF, 0x80, 0x7F, 0xE0, 0x1F, 0xFC, 0x0F,
  0xDF, 0x03, 0xE7, 0xF3, 0xF9, 0xFF, 0xFE, 0x3F, 0xFF, 0x07, 0xFF, 0x80,
  0x7F, 0x80, 0xF8, 0xF8, 0x7D, 0xFE, 0x3F, 0xFF, 0x9F, 0xFF, 0xEF, 0xFF,
  0xFF, 0xE0, 0xFF, 0xE0, 0x3F, 0xF0, 0x1F, 0xF8, 0x0F, 0xFC, 0x07, 0xFE,
  0x03, 0xFF, 0x01, 0xFF, 0x80, 0xFF, 0xE0, 0xFF, 0xF8, 0xFF, 0xFF, 0xFE,
  0xFF, 0xFF, 0x7D, 0xFF, 0x3E, 0x7E, 0x1F, 0x00, 0x0F, 0x80, 0x07, 0xC0,
  0x03, 0xE0, 0x01, 0xF0, 0x00, 0xF8, 0x00, 0x7C, 0x00, 0x00, 0x07, 0xC7,
  0xC7, 0xFD, 0xF3, 0xFF, 0x7D, 0xFF, 0xFF, 0x7F, 0xFF, 0xDF, 0x87, 0xFF,
  0xC0, 0xFF, 0xF0, 0x3F, 0xF8, 0x07, 0xFE, 0x01, 0xFF, 0x80, 0x7F, 0xE0,
  0x1F, 0xFC, 0x0F, 0xDF, 0x03, 0xF7, 0xF3, 0xFD, 0xFF, 0xFF, 0x3F, 0xFF,
  0xC7, 0xFD, 0xF0, 0xFE, 0x7C, 0x00, 0x1F, 0x00, 0x07, 0xC0, 0x01, 0xF0,
  0x00, 0x7C, 0x00, 0x1F, 0x00, 0x07, 0xC0, 0x01, 0xF0, 0xF8, 0x7F, 0x9F,
  0xFB, 0xFF, 0xFF, 0xFF, 0xFF, 0xF0, 0xFC, 0x0F, 0x80, 0xF8, 0x0F, 0x80,
  0xF8, 0x0F, 0x80, 0xF8, 0x0F, 0x80, 0xF8, 0x0F, 0x80, 0xF8, 0x0F, 0x80,
  0xF8, 0x00, 0x0F, 0xE0, 0x7F, 0xF1, 0xFF, 0xF3, 0xFF, 0xFF, 0xC7, 0xDF,
  0x07, 0x3F, 0x00, 0x7F, 0x80, 0x7F, 0xE0, 0x7F, 0xF0, 0x7F, 0xF0, 0x1F,
  0xF0, 0x07, 0xE6, 0x07, 0xFE, 0x0F, 0xFF, 0xFF, 0xFF, 0xFC, 0xFF, 0xF8,
  0x7F, 0xC0, 0x1F, 0x00, 0xF8, 0x07, 0xC0, 0x3E, 0x01, 0xF0, 0x7F, 0xFF,
  0xFF, 0xFF, 0xFF, 0xFF, 0xFF, 0xFF, 0xC7, 0xC0, 0x3E, 0x01, 0xF0, 0x0F,
  0x80, 0x7C, 0x03, 0xE0, 0x1F, 0x00, 0xFC, 0x07, 0xFE, 0x3F, 0xF0, 0xFF,
  0x83, 0xFC, 0x0F, 0xE0, 0xF8, 0x1F, 0xF8, 0x1F, 0xF8, 0x1F, 0xF8, 0x1F,
  0xF8, 0x1F, 0xF8, 0x1F, 0xF8, 0x1F, 0xF8, 0x1F, 0xF8, 0x1F, 0xF8, 0x1F,
  0xF8, 0x1F, 0xF8, 0x1F, 0xF8, 0x1F, 0xF8, 0x3F, 0xFE, 0x7F, 0xFF, 0xFF,
  0x7F, 0xFF, 0x7F, 0xDF, 0x3F, 0x9F, 0xFC, 0x03, 0xF7, 0xC0, 0x3F, 0x7E,
  0x03, 0xE3, 0xE0, 0x7E, 0x3E, 0x07, 0xC3, 0xF0, 0x7C, 0x1F, 0x07, 0xC1,
  0xF0, 0xF8, 0x0F, 0x8F, 0x80, 0xF8, 0xF8, 0x0F, 0x9F, 0x00, 0x7D, 0xF0,
  0x07, 0xDE, 0x00, 0x3F, 0xE0, 0x03, 0xFE, 0x00, 0x3F, 0xC0, 0x01, 0xFC,
  0x00, 0x1F, 0x80, 0x01, 0xF8, 0x00, 0xF8, 0x1F, 0x81, 0xFF, 0x81, 0xF8,
  0x1F, 0xFC, 0x1F, 0x81, 0xF7, 0xC1, 0xF8, 0x3F, 0x7C, 0x3F, 0xC3, 0xE7,
  0xC3, 0xFC, 0x3E, 0x3E, 0x3F, 0xC3, 0xE3, 0xE3, 0xFC, 0x7C, 0x3E, 0x7D,
  0xE7, 0xC3, 0xE7, 0x9E, 0x7C, 0x1F, 0x79, 0xE7, 0x81, 0xF7, 0x9E, 0xF8,
  0x1F, 0xF0, 0xFF, 0x80, 0xFF, 0x0F, 0xF0, 0x0F, 0xF0, 0xFF, 0x00, 0xFF,
  0x07, 0xF0, 0x07, 0xE0, 0x7E, 0x00, 0x7E, 0x07, 0xE0, 0x07, 0xE0, 0x7E,
  0x00, 0xFC, 0x07, 0xEF, 0xC1, 0xF8, 0xF8, 0x7E, 0x1F, 0x8F, 0x81, 0xFB,
  0xF0, 0x1F, 0xFC, 0x03, 0xFF, 0x00, 0x3F, 0xE0, 0x03, 0xF8, 0x00, 0x7E,
  0x00, 0x0F, 0xE0, 0x03, 0xFC, 0x00, 0xFF, 0xC0, 0x1F, 0xFC, 0x07, 0xEF,
  0xC1, 0xF8, 0xF8, 0x7E, 0x1F, 0x8F, 0xC1, 0xFB, 0xF0, 0x1F, 0x80, 0xFC,
  0x01, 0xF7, 0xE0, 0x3F, 0x7E, 0x03, 0xF3, 0xE0, 0x3E, 0x3F, 0x07, 0xE1,
  0xF0, 0x7C, 0x1F, 0x07, 0xC1, 0xF8, 0xFC, 0x0F, 0x8F, 0x80, 0xF8, 0xF8,
  0x07, 0xDF, 0x80, 0x7D, 0xF0, 0x07, 0xDF, 0x00, 0x3F, 0xE0, 0x03, 0xFE,
  0x00, 0x1F, 0xE0, 0x01, 0xFC, 0x00, 0x1F, 0xC0, 0x00, 0xF8, 0x00, 0x0F,
  0x80, 0x01, 0xF8, 0x00, 0x1F, 0x00, 0x03, 0xF0, 0x00, 0x3E, 0x00, 0x03,
  0xE0, 0x00, 0x7E, 0x00, 0xFF, 0xFF, 0xFF, 0xFF, 0xFF, 0xFF, 0xFF, 0xFF,
  0xFF, 0xC0, 0x1F, 0x00, 0x7E, 0x01, 0xF8, 0x07, 0xE0, 0x1F, 0x80, 0x3E,
  0x00, 0xFC, 0x03, 0xF0, 0x0F, 0xC0, 0x3F, 0xFF, 0xFF, 0xFF, 0xFF, 0xFF,
  0xFF, 0xFF, 0xFF, 0xF8, 0x00, 0xF0, 0x3F, 0x07, 0xF0, 0x7F, 0x07, 0xC0,
  0xF8, 0x0F, 0x80, 0xF8, 0x0F, 0x80, 0xF8, 0x0F, 0x81, 0xF8, 0xFF, 0x0F,
  0xE0, 0xFE, 0x0F, 0xF0, 0x7F, 0x80, 0xF8, 0x0F, 0x80, 0xF8, 0x0F, 0x80,
  0xF8, 0x0F, 0x80, 0xFC, 0x07, 0xF0, 0x7F, 0x03, 0xF0, 0x1F, 0xFF, 0xFF,
  0xFF, 0xFF, 0xFF, 0xFF, 0xFF, 0xFF, 0xFF, 0xFF, 0xFF, 0xFF, 0xFF, 0xFF,
  0xFF, 0xFF, 0xFF, 0xF0, 0xF8, 0x0F, 0xC0, 0xFE, 0x0F, 0xF0, 0x3F, 0x01,
  0xF0, 0x0F, 0x80, 0xF8, 0x0F, 0x80, 0xF8, 0x0F, 0x80, 0xFC, 0x0F, 0xF0,
  0x7F, 0x03, 0xF0, 0x7F, 0x0F, 0xE0, 0xF8, 0x0F, 0x80, 0xF8, 0x0F, 0x80,
  0xF8, 0x0F, 0x01, 0xF0, 0xFF, 0x0F, 0xF0, 0xFE, 0x0F, 0x80, 0x0F, 0x03,
  0x0F, 0xF1, 0xF7, 0xFF, 0xFF, 0xFF, 0xFF, 0xFF, 0xFF, 0xBE, 0x7F, 0xC3,
  0x07, 0xE0 };

const GFXglyph MiSansLatin_Bold17pt7bGlyphs[] PROGMEM = {
  {     0,   1,   1,   9,    0,    0 },   // 0x20 ' '
  {     1,   7,  25,  11,    2,  -24 },   // 0x21 '!'
  {    23,  12,  10,  14,    1,  -27 },   // 0x22 '"'
  {    38,  21,  25,  24,    1,  -24 },   // 0x23 '#'
  {   104,  19,  31,  20,    0,  -27 },   // 0x24 '$'
  {   178,  28,  25,  29,    0,  -24 },   // 0x25 '%'
  {   266,  25,  27,  26,    1,  -25 },   // 0x26 '&'
  {   351,   5,  10,   7,    1,  -27 },   // 0x27 '''
  {   358,   9,  28,  12,    2,  -26 },   // 0x28 '('
  {   390,   8,  28,  12,    1,  -26 },   // 0x29 ')'
  {   418,  12,  11,  14,    1,  -24 },   // 0x2A '*'
  {   435,  16,  16,  21,    2,  -19 },   // 0x2B '+'
  {   467,   7,  10,  11,    2,   -5 },   // 0x2C ','
  {   476,  13,   5,  15,    1,  -14 },   // 0x2D '-'
  {   485,   6,   6,  10,    2,   -5 },   // 0x2E '.'
  {   490,  13,  25,  15,    1,  -24 },   // 0x2F '/'
  {   531,  19,  25,  21,    1,  -24 },   // 0x30 '0'
  {   591,  11,  25,  16,    1,  -24 },   // 0x31 '1'
  {   626,  17,  25,  20,    1,  -24 },   // 0x32 '2'
  {   680,  18,  25,  20,    1,  -24 },   // 0x33 '3'
  {   737,  19,  25,  21,    1,  -24 },   // 0x34 '4'
  {   797,  18,  25,  20,    1,  -24 },   // 0x35 '5'
  {   854,  19,  25,  21,    1,  -24 },   // 0x36 '6'
  {   914,  17,  25,  18,    1,  -24 },   // 0x37 '7'
  {   968,  19,  25,  21,    1,  -24 },   // 0x38 '8'
  {  1028,  19,  25,  21,    1,  -24 },   // 0x39 '9'
  {  1088,   6,  18,  10,    2,  -17 },   // 0x3A ':'
  {  1102,   7,  23,  11,    2,  -18 },   // 0x3B ';'
  {  1123,  16,  21,  21,    2,  -22 },   // 0x3C '<'
  {  1165,  16,  13,  21,    2,  -18 },   // 0x3D '='
  {  1191,  16,  21,  21,    2,  -22 },   // 0x3E '>'
  {  1233,  17,  25,  18,    0,  -24 },   // 0x3F '?'
  {  1287,  25,  27,  26,    1,  -25 },   // 0x40 '@'
  {  1372,  24,  25,  24,    0,  -24 },   // 0x41 'A'
  {  1447,  20,  25,  23,    2,  -24 },   // 0x42 'B'
  {  1510,  22,  25,  23,    1,  -24 },   // 0x43 'C'
  {  1579,  22,  25,  25,    2,  -24 },   // 0x44 'D'
  {  1648,  17,  25,  20,    2,  -24 },   // 0x45 'E'
  {  1702,  16,  25,  19,    2,  -24 },   // 0x46 'F'
  {  1752,  22,  25,  24,    1,  -24 },   // 0x47 'G'
  {  1821,  21,  25,  25,    2,  -24 },   // 0x48 'H'
  {  1887,   5,  25,   9,    2,  -24 },   // 0x49 'I'
  {  1903,  16,  25,  18,    0,  -24 },   // 0x4A 'J'
  {  1953,  22,  25,  24,    2,  -24 },   // 0x4B 'K'
  {  2022,  17,  25,  19,    2,  -24 },   // 0x4C 'L'
  {  2076,  26,  25,  30,    2,  -24 },   // 0x4D 'M'
  {  2158,  21,  25,  25,    2,  -24 },   // 0x4E 'N'
  {  2224,  23,  25,  26,    1,  -24 },   // 0x4F 'O'
  {  2296,  19,  25,  22,    2,  -24 },   // 0x50 'P'
  {  2356,  25,  30,  27,    1,  -25 },   // 0x51 'Q'
  {  2450,  20,  25,  22,    2,  -24 },   // 0x52 'R'
  {  2513,  19,  25,  21,    1,  -24 },   // 0x53 'S'
  {  2573,  19,  25,  21,    1,  -24 },   // 0x54 'T'
  {  2633,  20,  25,  24,    2,  -24 },   // 0x55 'U'
  {  2696,  24,  25,  24,    0,  -24 },   // 0x56 'V'
  {  2771,  35,  25,  36,    0,  -24 },   // 0x57 'W'
  {  2881,  23,  25,  25,    1,  -24 },   // 0x58 'X'
  {  2953,  23,  25,  23,    0,  -24 },   // 0x59 'Y'
  {  3025,  19,  25,  21,    1,  -24 },   // 0x5A 'Z'
  {  3085,   9,  28,  12,    3,  -26 },   // 0x5B '['
  {  3117,  13,  25,  13,    0,  -24 },   // 0x5C '\'
  {  3158,   9,  28,  12,    0,  -26 },   // 0x5D ']'
  {  3190,  14,   9,  16,    1,  -27 },   // 0x5E '^'
  {  3206,  15,   4,  15,    0,    3 },   // 0x5F '_'
  {  3214,   8,   8,  11,    1,  -27 },   // 0x60 '`'
  {  3222,  16,  19,  19,    1,  -18 },   // 0x61 'a'
  {  3260,  18,  25,  21,    2,  -24 },   // 0x62 'b'
  {  3317,  17,  19,  18,    1,  -18 },   // 0x63 'c'
  {  3358,  18,  25,  21,    1,  -24 },   // 0x64 'd'
  {  3415,  17,  19,  19,    1,  -18 },   // 0x65 'e'
  {  3456,  13,  25,  13,    0,  -24 },   // 0x66 'f'
  {  3497,  18,  26,  21,    1,  -18 },   // 0x67 'g'
  {  3556,  16,  25,  20,    2,  -24 },   // 0x68 'h'
  {  3606,   6,  26,   9,    2,  -25 },   // 0x69 'i'
  {  3626,  10,  33,   9,   -2,  -25 },   // 0x6A 'j'
  {  3668,  18,  25,  20,    2,  -24 },   // 0x6B 'k'
  {  3725,   7,  25,  10,    2,  -24 },   // 0x6C 'l'
  {  3747,  26,  19,  30,    2,  -18 },   // 0x6D 'm'
  {  3809,  16,  19,  20,    2,  -18 },   // 0x6E 'n'
  {  3847,  18,  19,  20,    1,  -18 },   // 0x6F 'o'
  {  3890,  17,  26,  21,    2,  -18 },   // 0x70 'p'
  {  3946,  18,  26,  21,    1,  -18 },   // 0x71 'q'
  {  4005,  12,  19,  15,    2,  -18 },   // 0x72 'r'
  {  4034,  15,  19,  17,    1,  -18 },   // 0x73 's'
  {  4070,  13,  23,  14,    0,  -22 },   // 0x74 't'
  {  4108,  16,  19,  20,    2,  -18 },   // 0x75 'u'
  {  4146,  20,  19,  19,   -1,  -18 },   // 0x76 'v'
  {  4194,  28,  19,  28,    0,  -18 },   // 0x77 'w'
  {  4261,  19,  19,  18,    0,  -18 },   // 0x78 'x'
  {  4307,  20,  26,  19,   -1,  -18 },   // 0x79 'y'
  {  4372,  15,  19,  17,    1,  -18 },   // 0x7A 'z'
  {  4408,  12,  28,  13,    0,  -26 },   // 0x7B '{'
  {  4450,   5,  28,   8,    2,  -26 },   // 0x7C '|'
  {  4468,  12,  28,  13,    0,  -26 },   // 0x7D '}'
  {  4510,  18,   7,  20,    1,  -15 } }; // 0x7E '~'

const GFXfont MiSansLatin_Bold17pt7b PROGMEM = {
  (uint8_t  *)MiSansLatin_Bold17pt7bBitmaps,
  (GFXglyph *)MiSansLatin_Bold17pt7bGlyphs,
  0x20, 0x7E, 44 };

// Approx. 5198 bytes

const uint8_t MiSansLatin_Light17pt7bBitmaps[] PROGMEM = {
  0x00, 0xFB, 0x6D, 0xB6, 0xDB, 0x6D, 0x92, 0x48, 0x00, 0x17, 0xE0, 0xCF,
  0x9B, 0x16, 0x2C, 0x58, 0xB1, 0x22, 0x00, 0xC0, 0xC0, 0x06, 0x06, 0x00,
  0x30, 0x30, 0x01, 0x01, 0x00, 0x18, 0x18, 0x00, 0xC0, 0xC0, 0x06, 0x06,
  0x00, 0x30, 0x20, 0x7F, 0xFF, 0xF8, 0x18, 0x18, 0x00, 0xC0, 0xC0, 0x06,
  0x06, 0x00, 0x20, 0x20, 0x03, 0x03, 0x00, 0x18, 0x18, 0x00, 0xC0, 0xC0,
  0xFF, 0xFF, 0xF7, 0xFF, 0xFF, 0x83, 0x03, 0x00, 0x18, 0x18, 0x00, 0xC0,
  0xC0, 0x06, 0x06, 0x00, 0x20, 0x60, 0x03, 0x03, 0x00, 0x18, 0x18, 0x00,
  0x00, 0xC0, 0x00, 0x60, 0x00, 0x30, 0x00, 0xFE, 0x01, 0xFF, 0xC1, 0xC6,
  0x71, 0xC3, 0x1C, 0xC1, 0x86, 0x60, 0xC0, 0x30, 0x60, 0x18, 0x30, 0x0C,
  0x18, 0x07, 0x0C, 0x01, 0xE6, 0x00, 0x7F, 0x00, 0x07, 0xE0, 0x00, 0xFC,
  0x00, 0x67, 0x00, 0x31, 0xC0, 0x18, 0x60, 0x0C, 0x18, 0x06, 0x0C, 0x03,
  0x07, 0x81, 0x83, 0x60, 0xC3, 0x3C, 0x63, 0x87, 0xFF, 0x81, 0xFF, 0x00,
  0x0C, 0x00, 0x06, 0x00, 0x03, 0x00, 0x0E, 0x00, 0x0E, 0x0F, 0xE0, 0x03,
  0x06, 0x0C, 0x01, 0x83, 0x01, 0x80, 0xE0, 0xC0, 0x60, 0x30, 0x30, 0x18,
  0x18, 0x0C, 0x06, 0x0C, 0x03, 0x01, 0x87, 0x00, 0x60, 0xC1, 0x80, 0x1F,
  0xE0, 0xC0, 0x01, 0xF0, 0x60, 0x00, 0x00, 0x38, 0x00, 0x00, 0x0C, 0x00,
  0x00, 0x06, 0x00, 0x00, 0x03, 0x81, 0xC0, 0x00, 0xC3, 0xFC, 0x00, 0x60,
  0xC3, 0x80, 0x30, 0x60, 0x60, 0x1C, 0x10, 0x08, 0x06, 0x04, 0x03, 0x03,
  0x01, 0x00, 0x81, 0x80, 0x60, 0x60, 0x60, 0x18, 0x18, 0x30, 0x03, 0xFC,
  0x18, 0x00, 0x7C, 0x00, 0x03, 0xF0, 0x00, 0x7F, 0x80, 0x0C, 0x1C, 0x01,
  0x80, 0xC0, 0x18, 0x06, 0x01, 0x80, 0x60, 0x18, 0x06, 0x01, 0x80, 0xC0,
  0x1C, 0x0C, 0x00, 0xC3, 0x80, 0x06, 0xF0, 0x00, 0x7C, 0x00, 0x0F, 0x80,
  0x03, 0xDC, 0x00, 0x70, 0xE0, 0x6E, 0x07, 0x06, 0xC0, 0x38, 0xEC, 0x01,
  0x8C, 0xC0, 0x0D, 0xCC, 0x00, 0x78, 0xC0, 0x07, 0x0C, 0x00, 0x78, 0x60,
  0x1D, 0xC3, 0x87, 0x8E, 0x1F, 0xE0, 0x70, 0xFF, 0xFF, 0x18, 0xCC, 0x62,
  0x31, 0x88, 0xC6, 0x31, 0x8C, 0x62, 0x10, 0xC6, 0x31, 0x8C, 0x61, 0x0C,
  0x63, 0x0C, 0x61, 0x8C, 0xC1, 0x86, 0x0C, 0x30, 0xC1, 0x86, 0x18, 0x20,
  0xC3, 0x0C, 0x30, 0xC3, 0x0C, 0x30, 0xC3, 0x08, 0x61, 0x86, 0x30, 0xC3,
  0x18, 0x63, 0x00, 0x0C, 0x03, 0x04, 0xCB, 0xB7, 0x3F, 0x07, 0x83, 0x7B,
  0xB3, 0x0C, 0x03, 0x00, 0x01, 0x80, 0x03, 0x00, 0x06, 0x00, 0x0C, 0x00,
  0x18, 0x00, 0x30, 0x00, 0x60, 0x7F, 0xFF, 0xFF, 0xFE, 0x03, 0x00, 0x06,
  0x00, 0x0C, 0x00, 0x18, 0x00, 0x30, 0x00, 0x60, 0x00, 0x76, 0x66, 0x4C,
  0xC0, 0xFF, 0xFF, 0xFF, 0x6F, 0x70, 0x00, 0xC0, 0x30, 0x08, 0x06, 0x01,
  0x80, 0x60, 0x30, 0x0C, 0x03, 0x01, 0x80, 0x60, 0x18, 0x0C, 0x03, 0x00,
  0xC0, 0x60, 0x18, 0x06, 0x03, 0x00, 0xC0, 0x30, 0x18, 0x06, 0x01, 0x80,
  0xC0, 0x00, 0x07, 0xE0, 0x0F, 0xF8, 0x18, 0x1C, 0x30, 0x0C, 0x70, 0x06,
  0x60, 0x06, 0x60, 0x07, 0x60, 0x03, 0xC0, 0x03, 0xC0, 0x03, 0xC0, 0x03,
  0xC0, 0x03, 0xC0, 0x03, 0xC0, 0x03, 0xC0, 0x03, 0xC0, 0x03, 0xC0, 0x03,
  0xC0, 0x03, 0x60, 0x03, 0x60, 0x06, 0x60, 0x06, 0x30, 0x0E, 0x38, 0x1C,
  0x1E, 0x78, 0x07, 0xF0, 0x02, 0x1C, 0xFF, 0xBC, 0x60, 0xC1, 0x83, 0x06,
  0x0C, 0x18, 0x30, 0x60, 0xC1, 0x83, 0x06, 0x0C, 0x18, 0x30, 0x60, 0xC1,
  0x83, 0x06, 0x0F, 0xC0, 0x7F, 0xE1, 0xC0, 0xE7, 0x00, 0xEC, 0x00, 0xD0,
  0x01, 0x80, 0x03, 0x00, 0x06, 0x00, 0x0C, 0x00, 0x38, 0x00, 0x60, 0x01,
  0x80, 0x07, 0x00, 0x1C, 0x00, 0x30, 0x00, 0xC0, 0x03, 0x00, 0x0C, 0x00,
  0x30, 0x00, 0xE0, 0x03, 0x80, 0x0E, 0x00, 0x38, 0x00, 0x7F, 0xFF, 0xFF,
  0xFE, 0xFF, 0xFC, 0xFF, 0xFC, 0x00, 0x1C, 0x00, 0x38, 0x00, 0x30, 0x00,
  0x60, 0x00, 0xC0, 0x01, 0x80, 0x03, 0x00, 0x06, 0x00, 0x0C, 0x00, 0x1F,
  0xF0, 0x0C, 0x38, 0x00, 0x0C, 0x00, 0x0E, 0x00, 0x06, 0x00, 0x06, 0x00,
  0x07, 0x00, 0x06, 0x40, 0x06, 0xC0, 0x06, 0xE0, 0x0E, 0x70, 0x1C, 0x3E,
  0x78, 0x0F, 0xF0, 0x00, 0x1C, 0x00, 0x1E, 0x00, 0x0F, 0x00, 0x0D, 0x80,
  0x0E, 0xC0, 0x06, 0x60, 0x06, 0x30, 0x07, 0x18, 0x03, 0x0C, 0x03, 0x06,
  0x03, 0x83, 0x01, 0x81, 0x81, 0x80, 0xC0, 0xC0, 0x60, 0xC0, 0x30, 0xC0,
  0x18, 0x60, 0x0C, 0x7F, 0xFF, 0xFF, 0xFF, 0xE0, 0x01, 0x80, 0x00, 0xC0,
  0x00, 0x60, 0x00, 0x30, 0x00, 0x18, 0x00, 0x0C, 0x00, 0x3F, 0xFC, 0x7F,
  0xF8, 0xC0, 0x01, 0x80, 0x03, 0x00, 0x04, 0x00, 0x18, 0x00, 0x30, 0x00,
  0x60, 0x00, 0xC0, 0x01, 0x8F, 0x03, 0x7F, 0x87, 0x83, 0xCE, 0x01, 0x80,
  0x01, 0x80, 0x03, 0x00, 0x06, 0x00, 0x0C, 0x00, 0x18, 0x00, 0x3C, 0x00,
  0x7C, 0x01, 0xDC, 0x07, 0x1F, 0x3C, 0x1F, 0xF0, 0x00, 0xC0, 0x01, 0xC0,
  0x01, 0x80, 0x03, 0x00, 0x03, 0x00, 0x06, 0x00, 0x06, 0x00, 0x0C, 0x00,
  0x1C, 0x00, 0x18, 0x00, 0x37, 0xE0, 0x3F, 0xF8, 0x78, 0x1C, 0x60, 0x0E,
  0xE0, 0x06, 0xC0, 0x03, 0xC0, 0x03, 0xC0, 0x03, 0xC0, 0x03, 0xC0, 0x03,
  0xE0, 0x06, 0x60, 0x06, 0x70, 0x0C, 0x3E, 0x78, 0x0F, 0xF0, 0xFF, 0xFF,
  0xFF, 0xF0, 0x00, 0xC0, 0x06, 0x00, 0x18, 0x00, 0x60, 0x03, 0x00, 0x0C,
  0x00, 0x60, 0x01, 0x80, 0x0E, 0x00, 0x30, 0x00, 0xC0, 0x06, 0x00, 0x18,
  0x00, 0xC0, 0x03, 0x00, 0x1C, 0x00, 0x60, 0x01, 0x80, 0x0C, 0x00, 0x30,
  0x01, 0x80, 0x06, 0x00, 0x38, 0x00, 0x07, 0xE0, 0x1F, 0xF8, 0x38, 0x1C,
  0x30, 0x0E, 0x60, 0x06, 0x60, 0x06, 0x60, 0x06, 0x60, 0x06, 0x60, 0x06,
  0x30, 0x0C, 0x1C, 0x18, 0x0F, 0xF0, 0x0F, 0xF8, 0x38, 0x1C, 0x70, 0x06,
  0x60, 0x07, 0xC0, 0x03, 0xC0, 0x03, 0xC0, 0x03, 0xC0, 0x03, 0xE0, 0x03,
  0x60, 0x06, 0x70, 0x0E, 0x3E, 0x7C, 0x0F, 0xF0, 0x0F, 0xE0, 0x1F, 0xF8,
  0x70, 0x1C, 0x60, 0x0C, 0xC0, 0x06, 0xC0, 0x06, 0xC0, 0x06, 0xC0, 0x03,
  0xC0, 0x06, 0xC0, 0x06, 0xC0, 0x06, 0xE0, 0x0E, 0x70, 0x1C, 0x3C, 0x7C,
  0x1F, 0xF8, 0x00, 0x18, 0x00, 0x30, 0x00, 0x70, 0x00, 0x60, 0x00, 0xE0,
  0x00, 0xC0, 0x01, 0x80, 0x01, 0x80, 0x03, 0x00, 0x07, 0x00, 0x7F, 0x60,
  0x00, 0x00, 0x00, 0x00, 0x00, 0x6F, 0x70, 0x77, 0x70, 0x00, 0x00, 0x00,
  0x00, 0x00, 0x07, 0x66, 0x64, 0xCC, 0x00, 0x02, 0x00, 0x1C, 0x00, 0xF0,
  0x03, 0x80, 0x1C, 0x00, 0xE0, 0x07, 0x80, 0x3C, 0x00, 0xE0, 0x01, 0xE0,
  0x00, 0xF0, 0x00, 0x78, 0x00, 0x3C, 0x00, 0x1E, 0x00, 0x0F, 0x00, 0x07,
  0x00, 0x02, 0xFF, 0xFF, 0xFF, 0xFC, 0x00, 0x00, 0x00, 0x00, 0x00, 0x00,
  0x00, 0x00, 0x00, 0x00, 0x00, 0xFF, 0xFE, 0x80, 0x01, 0xC0, 0x01, 0xE0,
  0x00, 0xF0, 0x00, 0x78, 0x00, 0x3C, 0x00, 0x1E, 0x00, 0x0F, 0x00, 0x06,
  0x00, 0x3C, 0x00, 0xE0, 0x07, 0x00, 0x38, 0x01, 0xE0, 0x0F, 0x00, 0x78,
  0x00, 0xC0, 0x00, 0x0F, 0xC1, 0xFF, 0x9C, 0x0E, 0xC0, 0x3C, 0x01, 0x80,
  0x0C, 0x00, 0x60, 0x03, 0x00, 0x18, 0x01, 0x80, 0x18, 0x01, 0x80, 0x18,
  0x01, 0xC0, 0x0C, 0x00, 0x60, 0x03, 0x00, 0x18, 0x00, 0x00, 0x00, 0x00,
  0x00, 0x00, 0x00, 0x0C, 0x00, 0xE0, 0x07, 0x00, 0x00, 0x7F, 0x80, 0x00,
  0xFF, 0xF8, 0x01, 0xC0, 0x0E, 0x01, 0xC0, 0x01, 0x81, 0x80, 0x00, 0x60,
  0x80, 0x00, 0x18, 0xC0, 0x00, 0x0C, 0x40, 0x7E, 0xC3, 0x60, 0xE1, 0xE1,
  0xB0, 0x60, 0x70, 0xD0, 0x60, 0x18, 0x28, 0x30, 0x0C, 0x14, 0x18, 0x06,
  0x0E, 0x0C, 0x03, 0x05, 0x06, 0x01, 0x86, 0x81, 0x81, 0xC3, 0x60, 0xE1,
  0xB3, 0x30, 0x3F, 0x8F, 0x08, 0x03, 0x00, 0x06, 0x00, 0x00, 0x01, 0x80,
  0x00, 0x00, 0x60, 0x00, 0x00, 0x18, 0x00, 0x40, 0x07, 0x81, 0xE0, 0x00,
  0xFF, 0xC0, 0x00, 0x00, 0x60, 0x00, 0x0E, 0x00, 0x00, 0xF0, 0x00, 0x0F,
  0x00, 0x01, 0xB0, 0x00, 0x19, 0x80, 0x03, 0x98, 0x00, 0x31, 0x80, 0x03,
  0x0C, 0x00, 0x60, 0xC0, 0x06, 0x0E, 0x00, 0x60, 0x60, 0x0C, 0x06, 0x00,
  0xC0, 0x30, 0x1F, 0xFF, 0x01, 0xFF, 0xF0, 0x18, 0x01, 0x83, 0x00, 0x18,
  0x30, 0x01, 0x83, 0x00, 0x0C, 0x60, 0x00, 0xC6, 0x00, 0x06, 0xE0, 0x00,
  0x6C, 0x00, 0x06, 0xC0, 0x00, 0x30, 0xFF, 0xC0, 0x7F, 0xFC, 0x30, 0x0F,
  0x18, 0x01, 0xCC, 0x00, 0x66, 0x00, 0x33, 0x00, 0x19, 0x80, 0x0C, 0xC0,
  0x06, 0x60, 0x07, 0x30, 0x07, 0x1F, 0xFE, 0x0F, 0xFF, 0x86, 0x00, 0xF3,
  0x00, 0x1D, 0x80, 0x06, 0xC0, 0x03, 0x60, 0x00, 0xF0, 0x00, 0x78, 0x00,
  0x6C, 0x00, 0x36, 0x00, 0x3B, 0x00, 0x39, 0xFF, 0xF8, 0xFF, 0xF0, 0x00,
  0x01, 0xFC, 0x00, 0xFF, 0xE0, 0x38, 0x0F, 0x0E, 0x00, 0x73, 0x00, 0x06,
  0xE0, 0x00, 0x18, 0x00, 0x03, 0x00, 0x00, 0xC0, 0x00, 0x18, 0x00, 0x03,
  0x00, 0x00, 0x60, 0x00, 0x0C, 0x00, 0x01, 0x80, 0x00, 0x30, 0x00, 0x06,
  0x00, 0x00, 0xC0, 0x00, 0x1C, 0x00, 0x01, 0x80, 0x00, 0x38, 0x00, 0x03,
  0x00, 0x04, 0x70, 0x01, 0xC7, 0x80, 0x70, 0x3E, 0x7C, 0x03, 0xFE, 0x00,
  0xFF, 0xC0, 0x0F, 0xFF, 0xC0, 0xC0, 0x1E, 0x0C, 0x00, 0x70, 0xC0, 0x01,
  0x8C, 0x00, 0x1C, 0xC0, 0x00, 0xCC, 0x00, 0x06, 0xC0, 0x00, 0x6C, 0x00,
  0x06, 0xC0, 0x00, 0x6C, 0x00, 0x06, 0xC0, 0x00, 0x7C, 0x00, 0x06, 0xC0,
  0x00, 0x6C, 0x00, 0x06, 0xC0, 0x00, 0x6C, 0x00, 0x06, 0xC0, 0x00, 0xCC,
  0x00, 0x0C, 0xC0, 0x01, 0x8C, 0x00, 0x38, 0xC0, 0x0F, 0x0F, 0xFF, 0xC0,
  0xFF, 0xF0, 0x00, 0xFF, 0xFD, 0xFF, 0xFB, 0x00, 0x06, 0x00, 0x0C, 0x00,
  0x18, 0x00, 0x30, 0x00, 0x60, 0x00, 0xC0, 0x01, 0x80, 0x03, 0x00, 0x07,
  0xFF, 0xEF, 0xFF, 0xD8, 0x00, 0x30, 0x00, 0x60, 0x00, 0xC0, 0x01, 0x80,
  0x03, 0x00, 0x06, 0x00, 0x0C, 0x00, 0x18, 0x00, 0x30, 0x00, 0x7F, 0xFF,
  0xFF, 0xFE, 0xFF, 0xFF, 0xFF, 0xFC, 0x00, 0x30, 0x00, 0xC0, 0x03, 0x00,
  0x0C, 0x00, 0x30, 0x00, 0xC0, 0x03, 0x00, 0x0C, 0x00, 0x30, 0x00, 0xFF,
  0xFB, 0xFF, 0xEC, 0x00, 0x30, 0x00, 0xC0, 0x03, 0x00, 0x0C, 0x00, 0x30,
  0x00, 0xC0, 0x03, 0x00, 0x0C, 0x00, 0x30, 0x00, 0xC0, 0x00, 0x01, 0xFC,
  0x00, 0x7F, 0xF0, 0x0E, 0x03, 0xC1, 0xC0, 0x0E, 0x30, 0x00, 0x67, 0x00,
  0x00, 0x60, 0x00, 0x06, 0x00, 0x00, 0xC0, 0x00, 0x0C, 0x00, 0x00, 0xC0,
  0x00, 0x0C, 0x00, 0x00, 0xC0, 0x0F, 0xFC, 0x00, 0xFF, 0xC0, 0x00, 0x3C,
  0x00, 0x03, 0xC0, 0x00, 0x3E, 0x00, 0x03, 0x60, 0x00, 0x36, 0x00, 0x03,
  0x30, 0x00, 0x33, 0x80, 0x06, 0x1E, 0x01, 0xC0, 0xFC, 0xF8, 0x03, 0xFE,
  0x00, 0xC0, 0x00, 0xF0, 0x00, 0x3C, 0x00, 0x0F, 0x00, 0x03, 0xC0, 0x00,
  0xF0, 0x00, 0x3C, 0x00, 0x0F, 0x00, 0x03, 0xC0, 0x00, 0xF0, 0x00, 0x3C,
  0x00, 0x0F, 0xFF, 0xFF, 0xFF, 0xFF, 0xF0, 0x00, 0x3C, 0x00, 0x0F, 0x00,
  0x03, 0xC0, 0x00, 0xF0, 0x00, 0x3C, 0x00, 0x0F, 0x00, 0x03, 0xC0, 0x00,
  0xF0, 0x00, 0x3C, 0x00, 0x0F, 0x00, 0x03, 0xC0, 0x00, 0xC0, 0xFF, 0xFF,
  0xFF, 0xFF, 0xFF, 0xFF, 0xC0, 0x00, 0x60, 0x0C, 0x01, 0x80, 0x30, 0x06,
  0x00, 0xC0, 0x18, 0x03, 0x00, 0x60, 0x0C, 0x01, 0x80, 0x30, 0x06, 0x00,
  0xC0, 0x18, 0x03, 0x00, 0x60, 0x0C, 0x01, 0x80, 0x30, 0x07, 0x81, 0xF8,
  0x33, 0xDE, 0x3F, 0x80, 0xC0, 0x07, 0x60, 0x03, 0x30, 0x03, 0x18, 0x03,
  0x0C, 0x03, 0x06, 0x03, 0x03, 0x03, 0x01, 0x83, 0x00, 0xC3, 0x00, 0x63,
  0x00, 0x33, 0x00, 0x1B, 0xC0, 0x0F, 0xF0, 0x07, 0x98, 0x03, 0x86, 0x01,
  0x81, 0x80, 0xC0, 0xE0, 0x60, 0x30, 0x30, 0x0C, 0x18, 0x03, 0x0C, 0x01,
  0xC6, 0x00, 0x63, 0x00, 0x19, 0x80, 0x0E, 0xC0, 0x03, 0x80, 0xC0, 0x01,
  0x80, 0x03, 0x00, 0x06, 0x00, 0x0C, 0x00, 0x18, 0x00, 0x30, 0x00, 0x60,
  0x00, 0xC0, 0x01, 0x80, 0x03, 0x00, 0x06, 0x00, 0x0C, 0x00, 0x18, 0x00,
  0x30, 0x00, 0x60, 0x00, 0xC0, 0x01, 0x80, 0x03, 0x00, 0x06, 0x00, 0x0C,
  0x00, 0x18, 0x00, 0x30, 0x00, 0x7F, 0xFF, 0xFF, 0xFE, 0xC0, 0x00, 0x07,
  0x80, 0x00, 0x1F, 0x80, 0x00, 0x3F, 0x80, 0x00, 0xFF, 0x00, 0x03, 0xFB,
  0x00, 0x06, 0xF6, 0x00, 0x19, 0xE6, 0x00, 0x33, 0xCE, 0x00, 0xC7, 0x8C,
  0x03, 0x8F, 0x0C, 0x06, 0x1E, 0x18, 0x18, 0x3C, 0x18, 0x70, 0x78, 0x38,
  0xC0, 0xF0, 0x33, 0x01, 0xE0, 0x36, 0x03, 0xC0, 0x78, 0x07, 0x80, 0x70,
  0x0F, 0x00, 0x40, 0x1E, 0x00, 0x00, 0x3C, 0x00, 0x00, 0x78, 0x00, 0x00,
  0xF0, 0x00, 0x01, 0xE0, 0x00, 0x03, 0xC0, 0x00, 0x06, 0xC0, 0x00, 0xF8,
  0x00, 0x3E, 0x00, 0x0F, 0xC0, 0x03, 0xF8, 0x00, 0xF6, 0x00, 0x3C, 0xC0,
  0x0F, 0x38, 0x03, 0xC6, 0x00, 0xF0, 0xC0, 0x3C, 0x38, 0x0F, 0x06, 0x03,
  0xC0, 0xC0, 0xF0, 0x38, 0x3C, 0x06, 0x0F, 0x00, 0xC3, 0xC0, 0x38, 0xF0,
  0x06, 0x3C, 0x00, 0xCF, 0x00, 0x3B, 0xC0, 0x06, 0xF0, 0x00, 0xFC, 0x00,
  0x3F, 0x00, 0x07, 0xC0, 0x00, 0xC0, 0x01, 0xFC, 0x00, 0x1F, 0xFC, 0x00,
  0xE0, 0x3C, 0x06, 0x00, 0x38, 0x30, 0x00, 0x61, 0xC0, 0x00, 0xC6, 0x00,
  0x03, 0x98, 0x00, 0x06, 0xC0, 0x00, 0x1B, 0x00, 0x00, 0x6C, 0x00, 0x00,
  0xF0, 0x00, 0x03, 0xC0, 0x00, 0x0F, 0x00, 0x00, 0x3C, 0x00, 0x00, 0xF0,
  0x00, 0x06, 0xC0, 0x00, 0x1B, 0x80, 0x00, 0x66, 0x00, 0x01, 0x98, 0x00,
  0x0C, 0x30, 0x00, 0x70, 0xE0, 0x03, 0x81, 0xC0, 0x1C, 0x03, 0xF3, 0xE0,
  0x03, 0xFE, 0x00, 0xFF, 0xC0, 0xFF, 0xF8, 0xC0, 0x3C, 0xC0, 0x0E, 0xC0,
  0x07, 0xC0, 0x03, 0xC0, 0x03, 0xC0, 0x03, 0xC0, 0x03, 0xC0, 0x03, 0xC0,
  0x03, 0xC0, 0x06, 0xC0, 0x0E, 0xFF, 0xFC, 0xFF, 0xF0, 0xC0, 0x00, 0xC0,
  0x00, 0xC0, 0x00, 0xC0, 0x00, 0xC0, 0x00, 0xC0, 0x00, 0xC0, 0x00, 0xC0,
  0x00, 0xC0, 0x00, 0xC0, 0x00, 0x01, 0xFC, 0x00, 0x1F, 0xFC, 0x00, 0xE0,
  0x3C, 0x06, 0x00, 0x38, 0x30, 0x00, 0x61, 0xC0, 0x00, 0xC6, 0x00, 0x03,
  0x98, 0x00, 0x06, 0xC0, 0x00, 0x1B, 0x00, 0x00, 0x6C, 0x00, 0x00, 0xF0,
  0x00, 0x03, 0xC0, 0x00, 0x0F, 0x00, 0x00, 0x3C, 0x00, 0x00, 0xF0, 0x00,
  0x06, 0xC0, 0x00, 0x1B, 0x80, 0x00, 0x66, 0x00, 0x61, 0x98, 0x01, 0x8C,
  0x30, 0x03, 0x70, 0xE0, 0x07, 0x81, 0xC0, 0x1C, 0x03, 0xF3, 0xF8, 0x03,
  0xFE, 0x70, 0x00, 0x00, 0xE0, 0x00, 0x01, 0x80, 0x00, 0x04, 0xFF, 0x80,
  0x7F, 0xFC, 0x30, 0x0F, 0x18, 0x01, 0xCC, 0x00, 0x66, 0x00, 0x1B, 0x00,
  0x0D, 0x80, 0x06, 0xC0, 0x03, 0x60, 0x03, 0xB0, 0x01, 0x98, 0x01, 0xCF,
  0xFF, 0xC7, 0xFF, 0x83, 0x03, 0x01, 0x80, 0xC0, 0xC0, 0x60, 0x60, 0x18,
  0x30, 0x0E, 0x18, 0x03, 0x0C, 0x00, 0xC6, 0x00, 0x73, 0x00, 0x19, 0x80,
  0x0E, 0xC0, 0x03, 0x80, 0x07, 0xF0, 0x0F, 0xFE, 0x0E, 0x03, 0xC6, 0x00,
  0x76, 0x00, 0x13, 0x00, 0x01, 0x80, 0x00, 0xC0, 0x00, 0x60, 0x00, 0x18,
  0x00, 0x0F, 0x00, 0x01, 0xF0, 0x00, 0x3F, 0x00, 0x03, 0xE0, 0x00, 0x3C,
  0x00, 0x06, 0x00, 0x01, 0x80, 0x00, 0xC0, 0x00, 0x60, 0x00, 0x3C, 0x00,
  0x1B, 0x00, 0x1C, 0xE0, 0x1C, 0x3E, 0x7C, 0x0F, 0xFC, 0x00, 0xFF, 0xFF,
  0xFF, 0xFF, 0xF0, 0x0C, 0x00, 0x03, 0x00, 0x00, 0xC0, 0x00, 0x30, 0x00,
  0x0C, 0x00, 0x03, 0x00, 0x00, 0xC0, 0x00, 0x30, 0x00, 0x0C, 0x00, 0x03,
  0x00, 0x00, 0xC0, 0x00, 0x30, 0x00, 0x0C, 0x00, 0x03, 0x00, 0x00, 0xC0,
  0x00, 0x30, 0x00, 0x0C, 0x00, 0x03, 0x00, 0x00, 0xC0, 0x00, 0x30, 0x00,
  0x0C, 0x00, 0x03, 0x00, 0x00, 0xC0, 0x00, 0xC0, 0x01, 0xE0, 0x00, 0xF0,
  0x00, 0x78, 0x00, 0x3C, 0x00, 0x1E, 0x00, 0x0F, 0x00, 0x07, 0x80, 0x03,
  0xC0, 0x01, 0xE0, 0x00, 0xF0, 0x00, 0x78, 0x00, 0x3C, 0x00, 0x1E, 0x00,
  0x0F, 0x00, 0x07, 0x80, 0x03, 0xC0, 0x01, 0xE0, 0x00, 0xF0, 0x00, 0x78,
  0x00, 0x3E, 0x00, 0x33, 0x00, 0x18, 0xE0, 0x38, 0x3E, 0xF8, 0x0F, 0xF8,
  0x00, 0xC0, 0x00, 0x3C, 0x00, 0x06, 0xC0, 0x00, 0x66, 0x00, 0x06, 0x60,
  0x00, 0xC6, 0x00, 0x0C, 0x30, 0x01, 0xC3, 0x00, 0x18, 0x18, 0x01, 0x81,
  0x80, 0x30, 0x18, 0x03, 0x00, 0xC0, 0x30, 0x0C, 0x06, 0x00, 0xC0, 0x60,
  0x06, 0x06, 0x00, 0x60, 0xC0, 0x03, 0x0C, 0x00, 0x31, 0x80, 0x03, 0x18,
  0x00, 0x19, 0x80, 0x01, 0xB0, 0x00, 0x1B, 0x00, 0x00, 0xF0, 0x00, 0x0E,
  0x00, 0x00, 0xE0, 0x00, 0xC0, 0x03, 0x00, 0x0F, 0x00, 0x0C, 0x00, 0x3C,
  0x00, 0x78, 0x01, 0x98, 0x01, 0xE0, 0x06, 0x60, 0x07, 0x80, 0x19, 0x80,
  0x32, 0x00, 0x66, 0x00, 0xCC, 0x03, 0x0C, 0x03, 0x30, 0x0C, 0x30, 0x18,
  0xC0, 0x30, 0xC0, 0x61, 0x81, 0x81, 0x81, 0x86, 0x06, 0x06, 0x04, 0x18,
  0x18, 0x18, 0x30, 0x20, 0x60, 0x60, 0xC0, 0xC3, 0x00, 0xC3, 0x03, 0x0C,
  0x03, 0x18, 0x04, 0x30, 0x0C, 0x60, 0x18, 0xC0, 0x11, 0x80, 0x66, 0x00,
  0x64, 0x01, 0x98, 0x01, 0xB0, 0x02, 0x60, 0x06, 0xC0, 0x0F, 0x00, 0x0F,
  0x00, 0x3C, 0x00, 0x38, 0x00, 0x70, 0x00, 0xE0, 0x01, 0xC0, 0x03, 0x80,
  0x06, 0x00, 0xE0, 0x00, 0xD8, 0x00, 0x63, 0x00, 0x30, 0xE0, 0x0C, 0x18,
  0x06, 0x03, 0x03, 0x00, 0xE0, 0xC0, 0x18, 0x60, 0x03, 0x30, 0x00, 0xCC,
  0x00, 0x1E, 0x00, 0x03, 0x00, 0x00, 0xC0, 0x00, 0x78, 0x00, 0x37, 0x00,
  0x0C, 0xC0, 0x06, 0x18, 0x03, 0x87, 0x00, 0xC0, 0xC0, 0x60, 0x18, 0x38,
  0x07, 0x0C, 0x00, 0xC6, 0x00, 0x1B, 0x80, 0x07, 0xC0, 0x00, 0xC0, 0xE0,
  0x00, 0x6C, 0x00, 0x1C, 0xC0, 0x03, 0x18, 0x00, 0xE1, 0x80, 0x18, 0x38,
  0x06, 0x03, 0x00, 0xC0, 0x30, 0x30, 0x06, 0x0E, 0x00, 0x61, 0x80, 0x0C,
  0x60, 0x00, 0xCC, 0x00, 0x1B, 0x00, 0x01, 0xE0, 0x00, 0x18, 0x00, 0x03,
  0x00, 0x00, 0x60, 0x00, 0x0C, 0x00, 0x01, 0x80, 0x00, 0x30, 0x00, 0x06,
  0x00, 0x00, 0xC0, 0x00, 0x18, 0x00, 0x03, 0x00, 0x00, 0x60, 0x00, 0xFF,
  0xFF, 0xFF, 0xFF, 0xC0, 0x00, 0xC0, 0x00, 0xE0, 0x00, 0x60, 0x00, 0x60,
  0x00, 0x70, 0x00, 0x30, 0x00, 0x30, 0x00, 0x38, 0x00, 0x18, 0x00, 0x18,
  0x00, 0x1C, 0x00, 0x0C, 0x00, 0x0C, 0x00, 0x0E, 0x00, 0x06, 0x00, 0x06,
  0x00, 0x07, 0x00, 0x03, 0x00, 0x03, 0x00, 0x03, 0x80, 0x01, 0x80, 0x01,
  0xFF, 0xFF, 0xFF, 0xFF, 0x80, 0xFF, 0xFF, 0x06, 0x0C, 0x18, 0x30, 0x60,
  0xC1, 0x83, 0x06, 0x0C, 0x18, 0x30, 0x60, 0xC1, 0x83, 0x06, 0x0C, 0x18,
  0x30, 0x60, 0xC1, 0x83, 0x06, 0x0F, 0xFF, 0xC0, 0xC0, 0x30, 0x0C, 0x01,
  0x80, 0x60, 0x18, 0x03, 0x00, 0xC0, 0x30, 0x06, 0x01, 0x80, 0x60, 0x0C,
  0x03, 0x00, 0xC0, 0x18, 0x06, 0x01, 0x80, 0x30, 0x0C, 0x03, 0x00, 0x60,
  0x18, 0x06, 0x01, 0xC0, 0xFF, 0xF0, 0x41, 0x04, 0x10, 0x41, 0x04, 0x10,
  0x41, 0x04, 0x10, 0x41, 0x04, 0x10, 0x41, 0x04, 0x10, 0x41, 0x04, 0x10,
  0x41, 0xFF, 0xF0, 0x06, 0x00, 0x70, 0x0F, 0x01, 0x98, 0x18, 0x83, 0x0C,
  0x30, 0x66, 0x06, 0xC0, 0x30, 0xFF, 0xFF, 0xFF, 0xFC, 0xC7, 0x1C, 0x61,
  0x84, 0x0F, 0xC1, 0xFF, 0x18, 0x1C, 0x80, 0x70, 0x01, 0x80, 0x0C, 0x00,
  0x60, 0x03, 0x1F, 0xFB, 0xF0, 0xF8, 0x07, 0x80, 0x3C, 0x01, 0xC0, 0x0F,
  0x00, 0xF8, 0x0F, 0x71, 0xD9, 0xFC, 0xC0, 0xC0, 0x00, 0xC0, 0x00, 0xC0,
  0x00, 0xC0, 0x00, 0xC0, 0x00, 0xC0, 0x00, 0xC0, 0x00, 0xC3, 0xE0, 0xCF,
  0xF8, 0xD8, 0x1C, 0xD0, 0x0E, 0xF0, 0x06, 0xE0, 0x07, 0xE0, 0x03, 0xC0,
  0x03, 0xC0, 0x03, 0xC0, 0x03, 0xC0, 0x03, 0xE0, 0x03, 0xE0, 0x03, 0xE0,
  0x06, 0xF0, 0x0E, 0xD8, 0x1C, 0xCE, 0x78, 0xC7, 0xF0, 0x07, 0xC0, 0x7F,
  0xC3, 0x83, 0x98, 0x03, 0x60, 0x0B, 0x00, 0x0C, 0x00, 0x30, 0x00, 0xC0,
  0x03, 0x00, 0x0C, 0x00, 0x30, 0x00, 0xC0, 0x03, 0x00, 0x06, 0x00, 0xCC,
  0x06, 0x3C, 0x78, 0x3F, 0x80, 0x00, 0x06, 0x00, 0x0C, 0x00, 0x18, 0x00,
  0x30, 0x00, 0x60, 0x00, 0xC0, 0x01, 0x87, 0xE3, 0x1F, 0xE6, 0x70, 0x6D,
  0xC0, 0x7B, 0x00, 0x7C, 0x00, 0x78, 0x00, 0xF0, 0x01, 0xE0, 0x03, 0xC0,
  0x07, 0x80, 0x0F, 0x00, 0x1E, 0x00, 0x3E, 0x00, 0xEC, 0x01, 0xCC, 0x07,
  0x9F, 0x7B, 0x0F, 0xE6, 0x0F, 0xC0, 0x3F, 0xE0, 0xC0, 0xE3, 0x00, 0x6E,
  0x00, 0xD8, 0x00, 0xF0, 0x01, 0xE0, 0x03, 0xFF, 0xFF, 0xFF, 0xFF, 0x00,
  0x06, 0x00, 0x0C, 0x00, 0x18, 0x00, 0x18, 0x03, 0x38, 0x0E, 0x3C, 0x78,
  0x1F, 0xE0, 0x07, 0x8F, 0xC6, 0x06, 0x03, 0x01, 0x80, 0xC1, 0xFF, 0xFF,
  0x98, 0x0C, 0x06, 0x03, 0x01, 0x80, 0xC0, 0x60, 0x30, 0x18, 0x0C, 0x06,
  0x03, 0x01, 0x80, 0xC0, 0x60, 0x30, 0x00, 0x0F, 0xC6, 0x3F, 0xCC, 0xE0,
  0xDB, 0x00, 0xFE, 0x00, 0xF8, 0x00, 0xF0, 0x01, 0xE0, 0x03, 0x80, 0x07,
  0x00, 0x0F, 0x00, 0x1E, 0x00, 0x3C, 0x00, 0x7C, 0x01, 0xD8, 0x03, 0x98,
  0x0F, 0x1F, 0xF6, 0x1F, 0x8C, 0x00, 0x18, 0x00, 0x30, 0x00, 0x78, 0x01,
  0x9C, 0x07, 0x1E, 0x7C, 0x1F, 0xE0, 0xC0, 0x01, 0x80, 0x03, 0x00, 0x06,
  0x00, 0x0C, 0x00, 0x18, 0x00, 0x30, 0x00, 0x61, 0xF0, 0xCF, 0xF9, 0xB0,
  0x3B, 0x40, 0x37, 0x00, 0x6E, 0x00, 0x78, 0x00, 0xF0, 0x01, 0xE0, 0x03,
  0xC0, 0x07, 0x80, 0x0F, 0x00, 0x1E, 0x00, 0x3C, 0x00, 0x78, 0x00, 0xF0,
  0x01, 0xE0, 0x03, 0xC0, 0x06, 0xFD, 0x00, 0x1B, 0x6D, 0xB6, 0xDB, 0x6D,
  0xB6, 0xDB, 0x0E, 0x1C, 0x10, 0x00, 0x00, 0x01, 0x83, 0x06, 0x0C, 0x18,
  0x30, 0x60, 0xC1, 0x83, 0x06, 0x0C, 0x18, 0x30, 0x60, 0xC1, 0x83, 0x06,
  0x0C, 0x18, 0x30, 0xD3, 0xBE, 0x00, 0xC0, 0x03, 0x00, 0x0C, 0x00, 0x30,
  0x00, 0xC0, 0x03, 0x00, 0x0C, 0x00, 0x30, 0x06, 0xC0, 0x33, 0x01, 0x8C,
  0x0C, 0x30, 0x60, 0xC3, 0x03, 0x18, 0x0C, 0xE0, 0x37, 0x80, 0xFB, 0x03,
  0xCE, 0x0E, 0x18, 0x30, 0x30, 0xC0, 0xE3, 0x01, 0xCC, 0x03, 0x30, 0x06,
  0xC0, 0x1C, 0xC6, 0x31, 0x8C, 0x63, 0x18, 0xC6, 0x31, 0x8C, 0x63, 0x18,
  0xC6, 0x31, 0x8C, 0x63, 0x0F, 0x78, 0xC7, 0xC0, 0xFC, 0x67, 0xF0, 0xFF,
  0x36, 0x0C, 0xC1, 0xDE, 0x03, 0xC0, 0x6E, 0x01, 0xC0, 0x1F, 0x00, 0x60,
  0x0F, 0x00, 0x30, 0x07, 0x80, 0x18, 0x03, 0xC0, 0x0C, 0x01, 0xE0, 0x06,
  0x00, 0xF0, 0x03, 0x00, 0x78, 0x01, 0x80, 0x3C, 0x00, 0xC0, 0x1E, 0x00,
  0x60, 0x0F, 0x00, 0x30, 0x07, 0x80, 0x18, 0x03, 0xC0, 0x0C, 0x01, 0xE0,
  0x06, 0x00, 0xC0, 0xC3, 0xE1, 0x9F, 0xF3, 0x60, 0x77, 0x80, 0x6E, 0x00,
  0xDC, 0x00, 0xF0, 0x01, 0xE0, 0x03, 0xC0, 0x07, 0x80, 0x0F, 0x00, 0x1E,
  0x00, 0x3C, 0x00, 0x78, 0x00, 0xF0, 0x01, 0xE0, 0x03, 0xC0, 0x07, 0x80,
  0x0C, 0x0F, 0xC0, 0x3F, 0xE0, 0xE0, 0xE3, 0x00, 0xE6, 0x00, 0xD8, 0x00,
  0xF0, 0x01, 0xE0, 0x03, 0xC0, 0x07, 0x80, 0x0F, 0x00, 0x1E, 0x00, 0x3C,
  0x00, 0x78, 0x01, 0xD8, 0x03, 0x38, 0x0C, 0x3C, 0x70, 0x1F, 0xC0, 0xC3,
  0xE0, 0xCF, 0xF8, 0xDC, 0x1C, 0xD0, 0x0E, 0xE0, 0x06, 0xE0, 0x07, 0xE0,
  0x03, 0xC0, 0x03, 0xC0, 0x03, 0xC0, 0x03, 0xC0, 0x03, 0xC0, 0x03, 0xE0,
  0x03, 0xE0, 0x06, 0xF0, 0x0E, 0xD8, 0x1C, 0xCE, 0x78, 0xC7, 0xF0, 0xC0,
  0x00, 0xC0, 0x00, 0xC0, 0x00, 0xC0, 0x00, 0xC0, 0x00, 0xC0, 0x00, 0xC0,
  0x00, 0x0F, 0xC6, 0x3F, 0xCC, 0xE0, 0xDB, 0x00, 0xF6, 0x00, 0xF8, 0x00,
  0xF0, 0x01, 0xE0, 0x03, 0xC0, 0x07, 0x80, 0x0F, 0x00, 0x1E, 0x00, 0x3C,
  0x00, 0x7C, 0x01, 0xD8, 0x03, 0x98, 0x0F, 0x3E, 0x76, 0x1F, 0xCC, 0x00,
  0x18, 0x00, 0x30, 0x00, 0x60, 0x00, 0xC0, 0x01, 0x80, 0x03, 0x00, 0x06,
  0xC1, 0xF1, 0xFC, 0xC3, 0x60, 0xF0, 0x38, 0x0C, 0x03, 0x00, 0xC0, 0x30,
  0x0C, 0x03, 0x00, 0xC0, 0x30, 0x0C, 0x03, 0x00, 0xC0, 0x30, 0x00, 0x0F,
  0xC1, 0xFF, 0x9C, 0x0E, 0xC0, 0x36, 0x01, 0x30, 0x01, 0x80, 0x07, 0x00,
  0x1F, 0x00, 0x3F, 0x00, 0x1C, 0x00, 0x70, 0x01, 0x80, 0x0F, 0x00, 0x6C,
  0x03, 0x78, 0x70, 0xFF, 0x00, 0x30, 0x18, 0x0C, 0x06, 0x03, 0x07, 0xFF,
  0xFE, 0x60, 0x30, 0x18, 0x0C, 0x06, 0x03, 0x01, 0x80, 0xC0, 0x60, 0x30,
  0x18, 0x0C, 0x06, 0x01, 0x80, 0xE4, 0x3E, 0xC0, 0x07, 0x80, 0x0F, 0x00,
  0x1E, 0x00, 0x3C, 0x00, 0x78, 0x00, 0xF0, 0x01, 0xE0, 0x03, 0xC0, 0x07,
  0x80, 0x0F, 0x00, 0x1E, 0x00, 0x3C, 0x00, 0x6C, 0x01, 0xD8, 0x03, 0xB8,
  0x0B, 0x3C, 0x66, 0x3F, 0x8C, 0xC0, 0x03, 0x60, 0x06, 0x60, 0x06, 0x60,
  0x06, 0x30, 0x0C, 0x30, 0x0C, 0x18, 0x0C, 0x18, 0x18, 0x18, 0x18, 0x0C,
  0x30, 0x0C, 0x30, 0x04, 0x30, 0x06, 0x60, 0x06, 0x60, 0x03, 0x40, 0x03,
  0xC0, 0x03, 0xC0, 0x01, 0x80, 0xC0, 0x0C, 0x01, 0xB0, 0x0E, 0x00, 0xD8,
  0x07, 0x00, 0xCC, 0x02, 0xC0, 0x63, 0x03, 0x60, 0x31, 0x81, 0x90, 0x30,
  0xC0, 0xCC, 0x18, 0x20, 0xC6, 0x0C, 0x18, 0x63, 0x04, 0x0C, 0x30, 0xC6,
  0x02, 0x30, 0x63, 0x01, 0x98, 0x31, 0x80, 0xCC, 0x09, 0x80, 0x64, 0x06,
  0xC0, 0x1E, 0x03, 0x60, 0x0F, 0x00, 0xE0, 0x07, 0x00, 0x70, 0x01, 0x80,
  0x38, 0x00, 0x60, 0x0E, 0x60, 0x18, 0xC0, 0x60, 0xC1, 0xC0, 0xC3, 0x01,
  0x8C, 0x01, 0xB8, 0x01, 0xE0, 0x03, 0x80, 0x07, 0x00, 0x1F, 0x00, 0x37,
  0x00, 0xC6, 0x03, 0x86, 0x06, 0x0E, 0x18, 0x0C, 0x70, 0x0D, 0xC0, 0x1C,
  0xC0, 0x03, 0x60, 0x03, 0x60, 0x06, 0x60, 0x06, 0x30, 0x0C, 0x30, 0x0C,
  0x18, 0x0C, 0x18, 0x18, 0x18, 0x18, 0x0C, 0x30, 0x0C, 0x30, 0x04, 0x30,
  0x06, 0x60, 0x06, 0x60, 0x03, 0x40, 0x03, 0xC0, 0x03, 0xC0, 0x01, 0x80,
  0x01, 0x80, 0x03, 0x00, 0x03, 0x00, 0x03, 0x00, 0x06, 0x00, 0x06, 0x00,
  0x0C, 0x00, 0xFF, 0xFB, 0xFF, 0xE0, 0x03, 0x80, 0x0C, 0x00, 0x60, 0x03,
  0x00, 0x1C, 0x00, 0x60, 0x03, 0x00, 0x18, 0x00, 0xE0, 0x03, 0x00, 0x18,
  0x00, 0xE0, 0x07, 0x00, 0x18, 0x00, 0xFF, 0xFF, 0xFF, 0xF0, 0x03, 0x83,
  0xC1, 0x81, 0x80, 0xC0, 0x60, 0x30, 0x18, 0x0C, 0x06, 0x03, 0x01, 0x81,
  0x81, 0xC3, 0xC1, 0xE0, 0x38, 0x0C, 0x03, 0x01, 0x80, 0xC0, 0x60, 0x30,
  0x18, 0x0C, 0x06, 0x03, 0x00, 0xC0, 0x78, 0x1C, 0xFF, 0xFF, 0xFF, 0xFF,
  0xFF, 0xFF, 0xFF, 0xF0, 0xE0, 0x78, 0x0E, 0x03, 0x01, 0x80, 0xC0, 0x60,
  0x30, 0x18, 0x0C, 0x06, 0x01, 0x00, 0xC0, 0x70, 0x0E, 0x07, 0x06, 0x06,
  0x02, 0x03, 0x01, 0x80, 0xC0, 0x60, 0x30, 0x18, 0x0C, 0x06, 0x07, 0x0F,
  0x07, 0x00, 0x3C, 0x0B, 0xF9, 0xF0, 0x7C, 0x00, 0x80 };

const GFXglyph MiSansLatin_Light17pt7bGlyphs[] PROGMEM = {
  {     0,   1,   1,  10,    0,    0 },   // 0x20 ' '
  {     1,   3,  25,   9,    3,  -24 },   // 0x21 '!'
  {    11,   7,   8,  11,    2,  -26 },   // 0x22 '"'
  {    18,  21,  25,  24,    1,  -24 },   // 0x23 '#'
  {    84,  17,  31,  19,    1,  -27 },   // 0x24 '$'
  {   150,  26,  25,  27,    1,  -24 },   // 0x25 '%'
  {   232,  20,  25,  23,    2,  -24 },   // 0x26 '&'
  {   295,   2,   8,   6,    2,  -26 },   // 0x27 '''
  {   297,   5,  30,  10,    3,  -27 },   // 0x28 '('
  {   316,   6,  30,  10,    1,  -27 },   // 0x29 ')'
  {   339,  10,  10,  14,    2,  -24 },   // 0x2A '*'
  {   352,  15,  15,  19,    2,  -19 },   // 0x2B '+'
  {   381,   4,   7,   8,    2,   -2 },   // 0x2C ','
  {   385,  12,   2,  15,    1,  -13 },   // 0x2D '-'
  {   388,   4,   3,   8,    2,   -2 },   // 0x2E '.'
  {   390,  10,  25,  12,    1,  -24 },   // 0x2F '/'
  {   422,  16,  25,  20,    2,  -24 },   // 0x30 '0'
  {   472,   7,  25,  12,    1,  -24 },   // 0x31 '1'
  {   494,  15,  25,  18,    2,  -24 },   // 0x32 '2'
  {   541,  16,  25,  19,    2,  -24 },   // 0x33 '3'
  {   591,  17,  25,  19,    1,  -24 },   // 0x34 '4'
  {   645,  15,  25,  19,    2,  -24 },   // 0x35 '5'
  {   692,  16,  25,  20,    2,  -24 },   // 0x36 '6'
  {   742,  14,  25,  17,    1,  -24 },   // 0x37 '7'
  {   786,  16,  25,  20,    2,  -24 },   // 0x38 '8'
  {   836,  16,  25,  19,    2,  -24 },   // 0x39 '9'
  {   886,   4,  17,   8,    2,  -16 },   // 0x3A ':'
  {   895,   4,  22,   9,    2,  -17 },   // 0x3B ';'
  {   906,  15,  17,  19,    2,  -20 },   // 0x3C '<'
  {   938,  15,   9,  19,    2,  -16 },   // 0x3D '='
  {   955,  15,  17,  19,    2,  -20 },   // 0x3E '>'
  {   987,  13,  25,  16,    1,  -24 },   // 0x3F '?'
  {  1028,  25,  25,  28,    1,  -24 },   // 0x40 '@'
  {  1107,  20,  25,  22,    1,  -24 },   // 0x41 'A'
  {  1170,  17,  25,  21,    3,  -24 },   // 0x42 'B'
  {  1224,  19,  25,  23,    2,  -24 },   // 0x43 'C'
  {  1284,  20,  25,  24,    3,  -24 },   // 0x44 'D'
  {  1347,  15,  25,  19,    3,  -24 },   // 0x45 'E'
  {  1394,  14,  25,  18,    3,  -24 },   // 0x46 'F'
  {  1438,  20,  25,  24,    2,  -24 },   // 0x47 'G'
  {  1501,  18,  25,  23,    3,  -24 },   // 0x48 'H'
  {  1558,   2,  25,   7,    3,  -24 },   // 0x49 'I'
  {  1565,  11,  25,  15,    1,  -24 },   // 0x4A 'J'
  {  1600,  17,  25,  20,    3,  -24 },   // 0x4B 'K'
  {  1654,  15,  25,  18,    3,  -24 },   // 0x4C 'L'
  {  1701,  23,  25,  29,    3,  -24 },   // 0x4D 'M'
  {  1773,  18,  25,  24,    3,  -24 },   // 0x4E 'N'
  {  1830,  22,  25,  25,    2,  -24 },   // 0x4F 'O'
  {  1899,  16,  25,  20,    3,  -24 },   // 0x50 'P'
  {  1949,  22,  28,  26,    2,  -24 },   // 0x51 'Q'
  {  2026,  17,  25,  21,    3,  -24 },   // 0x52 'R'
  {  2080,  17,  25,  20,    1,  -24 },   // 0x53 'S'
  {  2134,  18,  25,  20,    1,  -24 },   // 0x54 'T'
  {  2191,  17,  25,  23,    3,  -24 },   // 0x55 'U'
  {  2245,  20,  25,  21,    1,  -24 },   // 0x56 'V'
  {  2308,  30,  25,  32,    1,  -24 },   // 0x57 'W'
  {  2402,  18,  25,  20,    1,  -24 },   // 0x58 'X'
  {  2459,  19,  25,  20,    0,  -24 },   // 0x59 'Y'
  {  2519,  17,  25,  19,    1,  -24 },   // 0x5A 'Z'
  {  2573,   7,  30,  11,    4,  -27 },   // 0x5B '['
  {  2600,  10,  25,  11,    1,  -24 },   // 0x5C '\'
  {  2632,   6,  30,  11,    1,  -27 },   // 0x5D ']'
  {  2655,  12,   9,  14,    1,  -26 },   // 0x5E '^'
  {  2669,  15,   2,  15,    0,    4 },   // 0x5F '_'
  {  2673,   5,   6,   8,    1,  -24 },   // 0x60 '`'
  {  2677,  13,  18,  18,    2,  -17 },   // 0x61 'a'
  {  2707,  16,  25,  20,    2,  -24 },   // 0x62 'b'
  {  2757,  14,  18,  17,    2,  -17 },   // 0x63 'c'
  {  2789,  15,  25,  20,    2,  -24 },   // 0x64 'd'
  {  2836,  15,  18,  18,    2,  -17 },   // 0x65 'e'
  {  2870,   9,  25,  11,    1,  -24 },   // 0x66 'f'
  {  2899,  15,  25,  20,    2,  -17 },   // 0x67 'g'
  {  2946,  15,  25,  19,    2,  -24 },   // 0x68 'h'
  {  2993,   3,  24,   7,    2,  -23 },   // 0x69 'i'
  {  3002,   7,  31,   7,   -2,  -23 },   // 0x6A 'j'
  {  3030,  14,  25,  16,    2,  -24 },   // 0x6B 'k'
  {  3074,   5,  25,   8,    2,  -24 },   // 0x6C 'l'
  {  3090,  25,  18,  29,    2,  -17 },   // 0x6D 'm'
  {  3147,  15,  18,  19,    2,  -17 },   // 0x6E 'n'
  {  3181,  15,  18,  19,    2,  -17 },   // 0x6F 'o'
  {  3215,  16,  25,  20,    2,  -17 },   // 0x70 'p'
  {  3265,  15,  25,  20,    2,  -17 },   // 0x71 'q'
  {  3312,  10,  18,  12,    2,  -17 },   // 0x72 'r'
  {  3335,  13,  18,  16,    1,  -17 },   // 0x73 's'
  {  3365,   9,  23,  11,    1,  -22 },   // 0x74 't'
  {  3391,  15,  18,  19,    2,  -17 },   // 0x75 'u'
  {  3425,  16,  18,  16,    0,  -17 },   // 0x76 'v'
  {  3461,  25,  18,  25,    0,  -17 },   // 0x77 'w'
  {  3518,  15,  18,  15,    0,  -17 },   // 0x78 'x'
  {  3552,  16,  25,  16,    0,  -17 },   // 0x79 'y'
  {  3602,  14,  18,  16,    1,  -17 },   // 0x7A 'z'
  {  3634,   9,  30,  11,    1,  -27 },   // 0x7B '{'
  {  3668,   2,  30,   7,    2,  -27 },   // 0x7C '|'
  {  3676,   9,  30,  11,    1,  -27 },   // 0x7D '}'
  {  3710,  13,   4,  17,    2,  -13 } }; // 0x7E '~'

const GFXfont MiSansLatin_Light17pt7b PROGMEM = {
  (uint8_t  *)MiSansLatin_Light17pt7bBitmaps,
  (GFXglyph *)MiSansLatin_Light17pt7bGlyphs,
  0x20, 0x7E, 44 };

// Approx. 4389 bytes

const uint8_t MiSansLatin_Bold10pt7bBitmaps[] PROGMEM = {
  0x00, 0xFF, 0x77, 0x77, 0x77, 0x70, 0x0F, 0xF7, 0xFF, 0xDB, 0xB6, 0x6C,
  0xD9, 0x80, 0x0C, 0xE0, 0xCC, 0x1C, 0xCF, 0xFF, 0xFF, 0xFF, 0xFF, 0x19,
  0x83, 0x98, 0xFF, 0xFF, 0xFF, 0x33, 0x83, 0x30, 0x73, 0x07, 0x30, 0x06,
  0x01, 0xE0, 0xFF, 0x3F, 0xF7, 0x0E, 0xC0, 0x9C, 0x03, 0xF0, 0x3F, 0x81,
  0xF8, 0x07, 0x90, 0x76, 0x0F, 0xFF, 0xDF, 0xF0, 0xFC, 0x06, 0x00, 0xC0,
  0x7C, 0x0E, 0x37, 0x0E, 0x31, 0x8E, 0x18, 0xCE, 0x07, 0xE7, 0x01, 0xE7,
  0x00, 0x07, 0x00, 0x07, 0x18, 0x03, 0xBF, 0x03, 0x99, 0x83, 0x8C, 0x63,
  0x86, 0x61, 0xC3, 0xF1, 0xC0, 0xF0, 0x1F, 0x80, 0xFF, 0x03, 0xFC, 0x1E,
  0x78, 0x78, 0x80, 0xE0, 0x03, 0xC0, 0x1F, 0x88, 0xFF, 0x7B, 0xDF, 0xCE,
  0x3F, 0x38, 0x78, 0xF3, 0xF3, 0xFF, 0xE7, 0xFF, 0xC3, 0x00, 0xFF, 0x6D,
  0x80, 0x39, 0xCC, 0xE7, 0x39, 0x9C, 0xE7, 0x18, 0xE7, 0x38, 0xC7, 0x18,
  0xE7, 0x18, 0xE7, 0x38, 0xC7, 0x39, 0xCC, 0xE7, 0x39, 0x9C, 0xE0, 0xB5,
  0xB9, 0xEF, 0xFF, 0x46, 0x00, 0x0E, 0x03, 0x80, 0xE3, 0xFF, 0xFF, 0xFF,
  0xF0, 0xE0, 0x38, 0x0E, 0x03, 0x80, 0x77, 0xEE, 0xC0, 0xFF, 0xFF, 0xF8,
  0xFF, 0xE0, 0x0E, 0x38, 0x70, 0xE1, 0x87, 0x0E, 0x1C, 0x70, 0xE1, 0xC7,
  0x0E, 0x1C, 0x00, 0x0E, 0x07, 0xF1, 0xFF, 0x39, 0xEF, 0x1D, 0xC3, 0xF8,
  0x7F, 0x07, 0xE0, 0xFC, 0x3F, 0x87, 0x78, 0xE7, 0xFC, 0xFF, 0x0F, 0xC0,
  0x3F, 0xFF, 0xF7, 0x9C, 0x71, 0xC7, 0x1C, 0x71, 0xC7, 0x1C, 0x70, 0x1E,
  0x1F, 0xCF, 0xFB, 0x8E, 0x43, 0xC0, 0xE0, 0x38, 0x1E, 0x0F, 0x07, 0x83,
  0xC1, 0xE0, 0xFF, 0xFF, 0xFF, 0xFC, 0xFF, 0xBF, 0xE0, 0x78, 0x3C, 0x1C,
  0x0F, 0xC3, 0xF8, 0x5F, 0x01, 0xC0, 0x76, 0x1F, 0xFF, 0x7F, 0x8F, 0xC0,
  0x07, 0xC0, 0x7C, 0x0F, 0xC0, 0xFC, 0x1D, 0xC1, 0xDC, 0x39, 0xC7, 0x9C,
  0x7F, 0xFF, 0xFF, 0xFF, 0xF0, 0x1C, 0x01, 0xC0, 0x1C, 0x7F, 0xBF, 0xEF,
  0x03, 0x80, 0xE0, 0x3F, 0xCF, 0xFB, 0xCF, 0x21, 0xC0, 0x76, 0x1F, 0xFF,
  0xFF, 0x8F, 0xC0, 0x0F, 0x03, 0xC0, 0x70, 0x1E, 0x07, 0xE0, 0xFF, 0x3F,
  0xF7, 0x9E, 0xE1, 0xDC, 0x3F, 0x87, 0x7F, 0xE7, 0xF8, 0x7E, 0x00, 0xFF,
  0xFF, 0xFF, 0xFC, 0x0E, 0x03, 0x81, 0xC0, 0x70, 0x3C, 0x0E, 0x07, 0x81,
  0xC0, 0xF0, 0x38, 0x1E, 0x00, 0x1E, 0x07, 0xF1, 0xFF, 0x78, 0xEF, 0x1C,
  0xE3, 0x9F, 0xE1, 0xF8, 0x7F, 0xDC, 0x3B, 0x83, 0xF0, 0xFF, 0xFC, 0xFF,
  0x8F, 0xE0, 0x1E, 0x1F, 0xE7, 0xFF, 0xC7, 0xE1, 0xF8, 0x7E, 0x1F, 0xFF,
  0x7F, 0xCF, 0xE0, 0x78, 0x3C, 0x0E, 0x07, 0x83, 0xC0, 0x4F, 0xFE, 0x00,
  0x00, 0xFF, 0xE0, 0x7F, 0x72, 0x00, 0x00, 0x77, 0xEE, 0xC0, 0x00, 0x40,
  0x30, 0x3C, 0x3F, 0x3F, 0x3F, 0x0F, 0x03, 0xE0, 0x7E, 0x07, 0xE0, 0x7C,
  0x07, 0x00, 0x40, 0xFF, 0xFF, 0xFF, 0xFC, 0x00, 0x00, 0x3F, 0xFF, 0xFC,
  0x80, 0x30, 0x0F, 0x03, 0xF0, 0x3F, 0x03, 0xF0, 0x3C, 0x1F, 0x1F, 0x9F,
  0x8F, 0x83, 0x80, 0x80, 0x00, 0x1E, 0x0F, 0xE7, 0xFB, 0xCF, 0x21, 0xC0,
  0xE0, 0x78, 0x38, 0x0E, 0x03, 0x00, 0x00, 0x00, 0x1E, 0x07, 0x80, 0xE0,
  0x1F, 0x80, 0xFF, 0x03, 0xFC, 0x1E, 0x78, 0x78, 0x80, 0xE0, 0x03, 0xC0,
  0x1F, 0x88, 0xFF, 0x7B, 0xDF, 0xCE, 0x3F, 0x38, 0x78, 0xF3, 0xF3, 0xFF,
  0xE7, 0xFF, 0xC3, 0x00, 0x07, 0x80, 0x1E, 0x00, 0xFC, 0x03, 0xF0, 0x0F,
  0xE0, 0x73, 0x81, 0xCE, 0x0F, 0x1C, 0x3F, 0xF0, 0xFF, 0xC7, 0xFF, 0x9C,
  0x0E, 0x70, 0x3F, 0x80, 0x70, 0xFF, 0xCF, 0xFE, 0xE1, 0xEE, 0x0E, 0xE0,
  0xEF, 0xFC, 0xFF, 0x8F, 0xFE, 0xE0, 0xFE, 0x07, 0xE0, 0xFF, 0xFE, 0xFF,
  0xEF, 0xF8, 0x07, 0x81, 0xFE, 0x7F, 0xF7, 0x8F, 0xF0, 0x6E, 0x00, 0xE0,
  0x0E, 0x00, 0xE0, 0x0E, 0x00, 0xE0, 0x47, 0x06, 0x7F, 0xF3, 0xFE, 0x1F,
  0xC0, 0xFF, 0xC7, 0xFF, 0x38, 0x7D, 0xC0, 0xEE, 0x07, 0xF0, 0x1F, 0x80,
  0xFC, 0x07, 0xE0, 0x3F, 0x03, 0xF8, 0x3D, 0xFF, 0xCF, 0xFC, 0x7F, 0xC0,
  0xFF, 0xFF, 0xFE, 0x03, 0x80, 0xE0, 0x3F, 0xFF, 0xFF, 0xFF, 0xE0, 0x38,
  0x0E, 0x03, 0xFF, 0xFF, 0xFF, 0xF0, 0xFF, 0xFF, 0xFE, 0x03, 0x80, 0xE0,
  0x38, 0x0F, 0xFB, 0xFE, 0xFF, 0xB8, 0x0E, 0x03, 0x80, 0xE0, 0x38, 0x00,
  0x07, 0x81, 0xFE, 0x7F, 0xF7, 0x8F, 0xF0, 0x4E, 0x00, 0xE0, 0x0E, 0x1F,
  0xE1, 0xFE, 0x07, 0xE0, 0x7F, 0x07, 0x7F, 0xF3, 0xFF, 0x1F, 0xC0, 0xE0,
  0x7F, 0x03, 0xF8, 0x1F, 0xC0, 0xFE, 0x07, 0xFF, 0xFF, 0xFF, 0xFF, 0xFF,
  0xE0, 0x7F, 0x03, 0xF8, 0x1F, 0xC0, 0xFE, 0x07, 0xF0, 0x3C, 0xFF, 0xFF,
  0xFF, 0xFF, 0xFF, 0xC0, 0x03, 0x81, 0xC0, 0xE0, 0x70, 0x38, 0x1C, 0x0E,
  0x07, 0x03, 0x81, 0xD8, 0xFF, 0xF7, 0xF1, 0xF0, 0xE0, 0xFF, 0x0F, 0x38,
  0xF1, 0xCF, 0x0E, 0xF0, 0x7F, 0x03, 0xFC, 0x1F, 0xF0, 0xF3, 0x87, 0x1E,
  0x38, 0x79, 0xC1, 0xCE, 0x0F, 0x70, 0x3C, 0xE0, 0x38, 0x0E, 0x03, 0x80,
  0xE0, 0x38, 0x0E, 0x03, 0x80, 0xE0, 0x38, 0x0E, 0x03, 0xFF, 0xFF, 0xFF,
  0xF0, 0xF0, 0x0F, 0xE0, 0x3F, 0xE0, 0x7F, 0xE1, 0xFF, 0xC7, 0xFD, 0xCF,
  0xFB, 0xBB, 0xF3, 0xF7, 0xE3, 0xCF, 0xC7, 0x9F, 0x80, 0x3F, 0x00, 0x7E,
  0x00, 0xFC, 0x01, 0xC0, 0xF0, 0x7F, 0x07, 0xF8, 0x7F, 0xC7, 0xFC, 0x7E,
  0xE7, 0xEF, 0x7E, 0x7F, 0xE3, 0xFE, 0x3F, 0xE1, 0xFE, 0x0F, 0xE0, 0x7E,
  0x07, 0x0F, 0x81, 0xFF, 0x1F, 0xFC, 0xF1, 0xEF, 0x07, 0xF0, 0x1F, 0x80,
  0xFC, 0x07, 0xE0, 0x3F, 0x01, 0xF8, 0x0F, 0xE0, 0xF7, 0xFF, 0x1F, 0xF0,
  0x7F, 0x00, 0xFF, 0x9F, 0xFB, 0x87, 0xF0, 0x7E, 0x0F, 0xC1, 0xF8, 0xFF,
  0xFE, 0xFF, 0x9C, 0x03, 0x80, 0x70, 0x0E, 0x01, 0xC0, 0x00, 0x1F, 0xC0,
  0xFF, 0xC7, 0xFF, 0x9E, 0x1E, 0xF0, 0x3F, 0x80, 0xFE, 0x01, 0xF8, 0x07,
  0xE0, 0x1F, 0x80, 0x7F, 0x03, 0xFC, 0x1E, 0x7D, 0xF8, 0xFF, 0xE1, 0xFF,
  0x80, 0xCF, 0x00, 0x18, 0xFF, 0x8F, 0xFC, 0xE1, 0xEE, 0x0E, 0xE0, 0xEE,
  0x1E, 0xFF, 0xEF, 0xFC, 0xFF, 0x8E, 0x38, 0xE3, 0xCE, 0x1C, 0xE1, 0xEE,
  0x0F, 0x0F, 0x03, 0xFC, 0x7F, 0xE7, 0x8F, 0x70, 0x47, 0x00, 0x7E, 0x03,
  0xFC, 0x0F, 0xE0, 0x1F, 0x20, 0x77, 0x0F, 0xFF, 0xE7, 0xFE, 0x1F, 0x80,
  0xFF, 0xFF, 0xFF, 0x07, 0x00, 0x70, 0x07, 0x00, 0x70, 0x07, 0x00, 0x70,
  0x07, 0x00, 0x70, 0x07, 0x00, 0x70, 0x07, 0x00, 0x70, 0xE0, 0x7E, 0x07,
  0xE0, 0x7E, 0x07, 0xE0, 0x7E, 0x07, 0xE0, 0x7E, 0x07, 0xE0, 0x7E, 0x07,
  0x70, 0xF7, 0xFE, 0x3F, 0xE1, 0xF8, 0xF0, 0x1D, 0xC0, 0xE7, 0x03, 0x8E,
  0x1E, 0x38, 0x70, 0xF1, 0xC1, 0xCF, 0x07, 0x38, 0x1E, 0xE0, 0x3F, 0x00,
  0xFC, 0x01, 0xF0, 0x07, 0x80, 0x1E, 0x00, 0xF0, 0xF0, 0x7B, 0x87, 0xC3,
  0x9C, 0x3E, 0x1C, 0xE1, 0xF0, 0xE3, 0x9D, 0xCE, 0x1C, 0xEE, 0x70, 0xE7,
  0x73, 0x87, 0x31, 0x9C, 0x1F, 0x8F, 0xC0, 0xFC, 0x7E, 0x07, 0xC1, 0xF0,
  0x3E, 0x0F, 0x00, 0xF0, 0x78, 0x07, 0x03, 0xC0, 0x78, 0x3C, 0xF1, 0xC1,
  0xCF, 0x07, 0xB8, 0x0F, 0xC0, 0x1F, 0x00, 0x78, 0x01, 0xF0, 0x0F, 0xC0,
  0x7B, 0x81, 0xCF, 0x0F, 0x1C, 0x78, 0x7B, 0xC0, 0xF0, 0xF0, 0x3D, 0xE1,
  0xE3, 0x87, 0x0F, 0x38, 0x1C, 0xE0, 0x3F, 0x00, 0xFC, 0x01, 0xE0, 0x07,
  0x00, 0x1C, 0x00, 0x70, 0x01, 0xC0, 0x07, 0x00, 0x1C, 0x00, 0xFF, 0xFF,
  0xFC, 0x0F, 0x01, 0xC0, 0x78, 0x1E, 0x07, 0x80, 0xE0, 0x3C, 0x0F, 0x03,
  0xC0, 0x7F, 0xFF, 0xFF, 0xFF, 0xC0, 0xFF, 0xFF, 0xCE, 0x73, 0x9C, 0xE7,
  0x39, 0xCE, 0x73, 0xFF, 0xF8, 0xE0, 0xE1, 0xC3, 0x83, 0x87, 0x0E, 0x0C,
  0x1C, 0x38, 0x70, 0x70, 0xE1, 0xC0, 0xFF, 0xFE, 0x73, 0x9C, 0xE7, 0x39,
  0xCE, 0x73, 0x9F, 0xFF, 0xF8, 0x1E, 0x1F, 0x0D, 0xCE, 0xEE, 0x38, 0xFF,
  0xFF, 0xFF, 0xE0, 0x23, 0x3C, 0x71, 0x00, 0x3E, 0x7F, 0x99, 0xE0, 0x73,
  0xFB, 0xFF, 0xFF, 0xC7, 0xE7, 0xFF, 0xDE, 0xE0, 0xE0, 0x38, 0x0E, 0x03,
  0xBC, 0xFF, 0xBF, 0xFF, 0x1F, 0x87, 0xE1, 0xF8, 0x7E, 0x1F, 0xFF, 0xFF,
  0xBB, 0xC0, 0x3F, 0x3F, 0xFF, 0xFC, 0x2E, 0x07, 0x03, 0x81, 0xC2, 0xFF,
  0xBF, 0xCF, 0xC0, 0x01, 0xC0, 0x70, 0x1C, 0xF7, 0x7F, 0xFF, 0xFE, 0x1F,
  0x87, 0xE1, 0xF8, 0x7E, 0x1F, 0xFF, 0x7F, 0xCF, 0x70, 0x3F, 0x1F, 0xEF,
  0x3B, 0x87, 0xFF, 0xFF, 0xFF, 0xFF, 0x84, 0xF3, 0x9F, 0xE3, 0xF0, 0x0E,
  0x7C, 0xF9, 0xC3, 0x9F, 0xFF, 0x9C, 0x38, 0x70, 0xE1, 0xC3, 0x87, 0x0E,
  0x00, 0x3D, 0xDF, 0xFF, 0xFF, 0x87, 0xE1, 0xF8, 0x7E, 0x1F, 0xCF, 0xFF,
  0xDF, 0xF1, 0x9C, 0x87, 0xF3, 0xFF, 0xE3, 0xF0, 0xE0, 0x38, 0x0E, 0x03,
  0xBC, 0xFF, 0xBF, 0xFE, 0x1F, 0x87, 0xE1, 0xF8, 0x7E, 0x1F, 0x87, 0xE1,
  0xF8, 0x70, 0xEF, 0xE0, 0x0E, 0xEE, 0xEE, 0xEE, 0xEE, 0xE0, 0x38, 0xF3,
  0x80, 0x00, 0xE3, 0x8E, 0x38, 0xE3, 0x8E, 0x38, 0xE3, 0x8E, 0xFB, 0xEF,
  0x00, 0xE0, 0x1C, 0x03, 0x80, 0x71, 0xEE, 0x39, 0xCE, 0x3B, 0x87, 0xF0,
  0xFE, 0x1F, 0xE3, 0x9C, 0x73, 0xCE, 0x3D, 0xC3, 0xC0, 0xEE, 0xEE, 0xEE,
  0xEE, 0xEE, 0xEF, 0xF7, 0xEF, 0x3C, 0xFF, 0xFE, 0xFF, 0xFE, 0xE3, 0xCF,
  0xE3, 0x87, 0xE3, 0x87, 0xE3, 0x87, 0xE3, 0x87, 0xE3, 0x87, 0xE3, 0x87,
  0xE3, 0x87, 0xEF, 0x3F, 0xEF, 0xFF, 0x87, 0xE1, 0xF8, 0x7E, 0x1F, 0x87,
  0xE1, 0xF8, 0x7E, 0x1C, 0x3F, 0x1F, 0xEF, 0xFF, 0x87, 0xE1, 0xF8, 0x7E,
  0x1F, 0x87, 0xFF, 0xDF, 0xE3, 0xF0, 0xEF, 0x3F, 0xEF, 0xFF, 0x87, 0xE1,
  0xF8, 0x7E, 0x1F, 0x87, 0xFF, 0xFF, 0xEE, 0xF3, 0x80, 0xE0, 0x38, 0x0E,
  0x00, 0x3D, 0xDF, 0xFF, 0xFF, 0x87, 0xE1, 0xF8, 0x7E, 0x1F, 0x87, 0xFF,
  0xDF, 0xF3, 0xDC, 0x07, 0x01, 0xC0, 0x70, 0x1C, 0xE7, 0xFF, 0xFF, 0x8E,
  0x1C, 0x38, 0x70, 0xE1, 0xC3, 0x80, 0x3F, 0x1F, 0xE7, 0x39, 0xC4, 0x7C,
  0x0F, 0xC0, 0xF8, 0x8F, 0xF3, 0xDF, 0xE3, 0xF0, 0x38, 0x38, 0x38, 0xFF,
  0xFF, 0x38, 0x38, 0x38, 0x38, 0x38, 0x3F, 0x3F, 0x1F, 0xE1, 0xF8, 0x7E,
  0x1F, 0x87, 0xE1, 0xF8, 0x7E, 0x1F, 0x8F, 0xFF, 0xDF, 0xF7, 0xDC, 0xE0,
  0xFC, 0x3D, 0xC7, 0x38, 0xE7, 0x18, 0x77, 0x0E, 0xE0, 0xF8, 0x1F, 0x03,
  0xE0, 0x38, 0x00, 0xE1, 0xC7, 0xF1, 0xE3, 0x9C, 0xF1, 0xCE, 0x7C, 0xE7,
  0x36, 0xE3, 0xBB, 0x70, 0xF9, 0xB8, 0x7C, 0xF8, 0x3E, 0x3C, 0x0F, 0x1E,
  0x07, 0x0E, 0x00, 0xF1, 0xEE, 0x38, 0xEE, 0x1F, 0x81, 0xF0, 0x1C, 0x07,
  0xC1, 0xFC, 0x3B, 0x8E, 0x3B, 0xC7, 0x80, 0xE0, 0xFE, 0x1D, 0xC7, 0x38,
  0xE7, 0x9C, 0x77, 0x0E, 0xE0, 0xFC, 0x1F, 0x03, 0xE0, 0x38, 0x07, 0x01,
  0xE0, 0x38, 0x0F, 0x00, 0x7F, 0xBF, 0xDF, 0xE0, 0xE0, 0xE0, 0xF0, 0xF0,
  0x70, 0x7F, 0xFF, 0xFF, 0xE0, 0x06, 0x3C, 0x78, 0xC3, 0x87, 0x0E, 0x7C,
  0xF1, 0xF0, 0xE1, 0xC3, 0x83, 0x07, 0x8F, 0x06, 0xFF, 0xFF, 0xFF, 0xFF,
  0xFF, 0xFF, 0xE0, 0xE1, 0xE3, 0xE1, 0xC3, 0x87, 0x0E, 0x0F, 0x0E, 0x3C,
  0xE1, 0xC3, 0x87, 0x3E, 0x78, 0xE0, 0x00, 0x47, 0x9D, 0xFF, 0xFF, 0xE2,
  0x38 };

const GFXglyph MiSansLatin_Bold10pt7bGlyphs[] PROGMEM = {
  {     0,   1,   1,   6,    0,    0 },   // 0x20 ' '
  {     1,   4,  14,   6,    1,  -13 },   // 0x21 '!'
  {     8,   7,   6,   8,    1,  -16 },   // 0x22 '"'
  {    14,  12,  14,  14,    1,  -13 },   // 0x23 '#'
  {    35,  11,  18,  12,    0,  -15 },   // 0x24 '$'
  {    60,  17,  14,  17,    0,  -13 },   // 0x25 '%'
  {    90,  14,  16,  15,    1,  -14 },   // 0x26 '&'
  {   118,   3,   6,   4,    1,  -16 },   // 0x27 '''
  {   121,   5,  17,   7,    1,  -15 },   // 0x28 '('
  {   132,   5,  17,   7,    1,  -15 },   // 0x29 ')'
  {   143,   7,   6,   8,    1,  -13 },   // 0x2A '*'
  {   149,  10,  10,  12,    1,  -11 },   // 0x2B '+'
  {   162,   4,   5,   6,    1,   -2 },   // 0x2C ','
  {   165,   7,   3,   9,    1,   -8 },   // 0x2D '-'
  {   168,   4,   3,   6,    1,   -2 },   // 0x2E '.'
  {   170,   7,  14,   9,    1,  -13 },   // 0x2F '/'
  {   183,  11,  15,  13,    1,  -14 },   // 0x30 '0'
  {   204,   6,  14,   9,    1,  -13 },   // 0x31 '1'
  {   215,  10,  15,  12,    1,  -14 },   // 0x32 '2'
  {   234,  10,  14,  12,    1,  -13 },   // 0x33 '3'
  {   252,  12,  14,  12,    0,  -13 },   // 0x34 '4'
  {   273,  10,  14,  12,    1,  -13 },   // 0x35 '5'
  {   291,  11,  14,  12,    1,  -13 },   // 0x36 '6'
  {   311,  10,  14,  11,    0,  -13 },   // 0x37 '7'
  {   329,  11,  15,  13,    1,  -14 },   // 0x38 '8'
  {   350,  10,  15,  12,    1,  -14 },   // 0x39 '9'
  {   369,   4,  11,   6,    1,  -10 },   // 0x3A ':'
  {   375,   4,  13,   6,    1,  -10 },   // 0x3B ';'
  {   382,  10,  13,  12,    1,  -13 },   // 0x3C '<'
  {   399,  10,   7,  12,    1,  -10 },   // 0x3D '='
  {   408,  10,  13,  12,    1,  -13 },   // 0x3E '>'
  {   425,  10,  15,  10,    0,  -14 },   // 0x3F '?'
  {   444,  14,  16,  15,    1,  -14 },   // 0x40 '@'
  {   472,  14,  14,  14,    0,  -13 },   // 0x41 'A'
  {   497,  12,  14,  13,    1,  -13 },   // 0x42 'B'
  {   518,  12,  15,  14,    1,  -14 },   // 0x43 'C'
  {   541,  13,  14,  15,    1,  -13 },   // 0x44 'D'
  {   564,  10,  14,  12,    1,  -13 },   // 0x45 'E'
  {   582,  10,  14,  11,    1,  -13 },   // 0x46 'F'
  {   600,  12,  15,  14,    1,  -14 },   // 0x47 'G'
  {   623,  13,  14,  15,    1,  -13 },   // 0x48 'H'
  {   646,   3,  14,   6,    1,  -13 },   // 0x49 'I'
  {   652,   9,  14,  10,    0,  -13 },   // 0x4A 'J'
  {   668,  13,  14,  14,    1,  -13 },   // 0x4B 'K'
  {   691,  10,  14,  11,    1,  -13 },   // 0x4C 'L'
  {   709,  15,  14,  18,    1,  -13 },   // 0x4D 'M'
  {   736,  12,  14,  15,    1,  -13 },   // 0x4E 'N'
  {   757,  13,  15,  15,    1,  -14 },   // 0x4F 'O'
  {   782,  11,  14,  13,    1,  -13 },   // 0x50 'P'
  {   802,  14,  17,  16,    1,  -14 },   // 0x51 'Q'
  {   832,  12,  14,  13,    1,  -13 },   // 0x52 'R'
  {   853,  12,  15,  12,    0,  -14 },   // 0x53 'S'
  {   876,  12,  14,  12,    0,  -13 },   // 0x54 'T'
  {   897,  12,  14,  14,    1,  -13 },   // 0x55 'U'
  {   918,  14,  14,  14,    0,  -13 },   // 0x56 'V'
  {   943,  21,  14,  21,    0,  -13 },   // 0x57 'W'
  {   980,  14,  14,  15,    0,  -13 },   // 0x58 'X'
  {  1005,  14,  14,  14,    0,  -13 },   // 0x59 'Y'
  {  1030,  11,  14,  13,    1,  -13 },   // 0x5A 'Z'
  {  1050,   5,  17,   7,    2,  -15 },   // 0x5B '['
  {  1061,   7,  14,   7,    0,  -13 },   // 0x5C '\'
  {  1074,   5,  17,   7,    0,  -15 },   // 0x5D ']'
  {  1085,   9,   5,   9,    0,  -15 },   // 0x5E '^'
  {  1091,   9,   3,   9,    0,    2 },   // 0x5F '_'
  {  1095,   5,   5,   6,    0,  -16 },   // 0x60 '`'
  {  1099,   9,  11,  11,    1,  -10 },   // 0x61 'a'
  {  1112,  10,  14,  12,    1,  -13 },   // 0x62 'b'
  {  1130,   9,  11,  11,    1,  -10 },   // 0x63 'c'
  {  1143,  10,  14,  12,    1,  -13 },   // 0x64 'd'
  {  1161,  10,  11,  11,    1,  -10 },   // 0x65 'e'
  {  1175,   7,  15,   8,    0,  -14 },   // 0x66 'f'
  {  1189,  10,  15,  12,    1,  -10 },   // 0x67 'g'
  {  1208,  10,  14,  12,    1,  -13 },   // 0x68 'h'
  {  1226,   4,  15,   6,    1,  -14 },   // 0x69 'i'
  {  1234,   6,  19,   6,   -1,  -14 },   // 0x6A 'j'
  {  1249,  11,  14,  12,    1,  -13 },   // 0x6B 'k'
  {  1269,   4,  14,   6,    1,  -13 },   // 0x6C 'l'
  {  1276,  16,  11,  18,    1,  -10 },   // 0x6D 'm'
  {  1298,  10,  11,  12,    1,  -10 },   // 0x6E 'n'
  {  1312,  10,  11,  12,    1,  -10 },   // 0x6F 'o'
  {  1326,  10,  15,  12,    1,  -10 },   // 0x70 'p'
  {  1345,  10,  15,  12,    1,  -10 },   // 0x71 'q'
  {  1364,   7,  11,   9,    1,  -10 },   // 0x72 'r'
  {  1374,  10,  11,  10,    0,  -10 },   // 0x73 's'
  {  1388,   8,  13,   8,    0,  -12 },   // 0x74 't'
  {  1401,  10,  11,  12,    1,  -10 },   // 0x75 'u'
  {  1415,  11,  11,  11,    0,  -10 },   // 0x76 'v'
  {  1431,  17,  11,  17,    0,  -10 },   // 0x77 'w'
  {  1455,  11,  11,  11,    0,  -10 },   // 0x78 'x'
  {  1471,  11,  15,  11,    0,  -10 },   // 0x79 'y'
  {  1492,   9,  11,  10,    0,  -10 },   // 0x7A 'z'
  {  1505,   7,  17,   8,    0,  -15 },   // 0x7B '{'
  {  1520,   3,  17,   5,    1,  -15 },   // 0x7C '|'
  {  1527,   7,  17,   8,    0,  -15 },   // 0x7D '}'
  {  1542,  11,   5,  12,    0,   -9 } }; // 0x7E '~'

const GFXfont MiSansLatin_Bold10pt7b PROGMEM = {
  (uint8_t  *)MiSansLatin_Bold10pt7bBitmaps,
  (GFXglyph *)MiSansLatin_Bold10pt7bGlyphs,
  0x20, 0x7E, 26 };

// Approx. 2221 bytes

const uint8_t MiSansLatin_Regular10pt7bBitmaps[] PROGMEM = {
  0x00, 0xFF, 0xFF, 0xF0, 0xF0, 0xDE, 0xF7, 0xA9, 0x00, 0x0C, 0x40, 0x8C,
  0x08, 0xC1, 0x88, 0xFF, 0xF1, 0x08, 0x11, 0x83, 0x18, 0xFF, 0xEF, 0xFE,
  0x23, 0x02, 0x30, 0x63, 0x06, 0x20, 0x0C, 0x07, 0x87, 0xF3, 0xB7, 0xCC,
  0xB3, 0x0C, 0xC1, 0xF0, 0x3E, 0x03, 0xE0, 0xD8, 0x33, 0x0C, 0xF3, 0x3E,
  0xF8, 0xFC, 0x0C, 0x03, 0x00, 0x7C, 0x0C, 0x46, 0x18, 0xC2, 0x30, 0xC2,
  0x60, 0x66, 0x60, 0x3C, 0xC0, 0x01, 0x80, 0x01, 0x18, 0x03, 0x3E, 0x06,
  0x63, 0x0C, 0x43, 0x0C, 0x43, 0x18, 0x66, 0x30, 0x3C, 0x0E, 0x00, 0xFC,
  0x0C, 0x60, 0x41, 0x02, 0x18, 0x19, 0xC0, 0x7C, 0x07, 0x80, 0x76, 0x36,
  0x39, 0xB0, 0xF9, 0x83, 0xCC, 0x0C, 0x31, 0xF0, 0xF8, 0xE0, 0xFF, 0x80,
  0x32, 0x66, 0x64, 0x4C, 0xCC, 0x44, 0x66, 0x23, 0x30, 0xC4, 0x66, 0x22,
  0x33, 0x33, 0x22, 0x66, 0x6C, 0xC0, 0x57, 0xF3, 0xBF, 0x54, 0x18, 0x18,
  0x18, 0x18, 0xFF, 0x18, 0x18, 0x18, 0x18, 0x6B, 0x60, 0xFE, 0xFC, 0x0C,
  0x21, 0x86, 0x10, 0xC3, 0x0C, 0x21, 0x86, 0x10, 0xC3, 0x00, 0x0E, 0x0F,
  0xC6, 0x19, 0x83, 0x40, 0xF0, 0x3C, 0x0F, 0x03, 0xC0, 0xF0, 0x3C, 0x0D,
  0x03, 0x61, 0x8C, 0xE1, 0xF0, 0x7F, 0xE6, 0x31, 0x8C, 0x63, 0x18, 0xC6,
  0x31, 0x8C, 0x1C, 0x3F, 0xB0, 0xC8, 0x30, 0x18, 0x0C, 0x0C, 0x0E, 0x06,
  0x06, 0x06, 0x06, 0x06, 0x07, 0xFF, 0xFE, 0xFF, 0x80, 0xC0, 0x60, 0x30,
  0x18, 0x0F, 0x01, 0xF0, 0x06, 0x00, 0x80, 0x34, 0x0B, 0x06, 0x73, 0x8F,
  0xC0, 0x07, 0x03, 0xC0, 0xF0, 0x6C, 0x13, 0x0C, 0xC6, 0x31, 0x8C, 0xC3,
  0x3F, 0xFF, 0xFC, 0x0C, 0x03, 0x00, 0xC0, 0x7F, 0x98, 0x06, 0x01, 0x80,
  0x60, 0x17, 0x87, 0xF9, 0x86, 0x00, 0xC0, 0x34, 0x0F, 0x06, 0x73, 0x8F,
  0xC0, 0x0E, 0x03, 0x01, 0x80, 0x40, 0x30, 0x1F, 0xC7, 0xBB, 0x86, 0xC0,
  0xF0, 0x3C, 0x0F, 0x02, 0x73, 0x8F, 0xC0, 0xFF, 0x03, 0x03, 0x06, 0x06,
  0x04, 0x0C, 0x0C, 0x18, 0x18, 0x30, 0x30, 0x20, 0x60, 0x1E, 0x0F, 0xE6,
  0x19, 0x83, 0x40, 0xD8, 0x63, 0xB8, 0xFC, 0x61, 0x90, 0x3C, 0x0F, 0x03,
  0xC0, 0xDC, 0xE3, 0xF0, 0x1E, 0x1F, 0xC6, 0x1B, 0x02, 0xC0, 0xF0, 0x3C,
  0x0D, 0x86, 0x7F, 0x86, 0xC0, 0x30, 0x18, 0x0C, 0x03, 0x01, 0x80, 0xFC,
  0x00, 0x00, 0xFC, 0x6D, 0x80, 0x00, 0x0D, 0x6C, 0x01, 0x03, 0x0F, 0x3C,
  0x70, 0xC0, 0xE0, 0x78, 0x1E, 0x07, 0x01, 0xFF, 0x00, 0x00, 0x00, 0xFF,
  0xFF, 0x80, 0xC0, 0xF0, 0x3C, 0x0E, 0x03, 0x07, 0x1C, 0x78, 0xE0, 0x80,
  0x38, 0x7E, 0xC3, 0x83, 0x03, 0x06, 0x0C, 0x18, 0x18, 0x10, 0x10, 0x00,
  0x00, 0x18, 0x38, 0x07, 0xC0, 0x7F, 0xC3, 0x01, 0x98, 0x03, 0xC7, 0x27,
  0x32, 0x98, 0x86, 0x66, 0x19, 0x98, 0x66, 0x31, 0x9C, 0x7B, 0x90, 0x00,
  0x60, 0x00, 0xE0, 0x80, 0xFF, 0x00, 0x07, 0x00, 0x38, 0x01, 0x60, 0x1B,
  0x00, 0xC8, 0x0C, 0x60, 0x63, 0x03, 0xF8, 0x3F, 0xE1, 0x83, 0x08, 0x08,
  0xC0, 0x66, 0x03, 0x60, 0x0C, 0xFF, 0x20, 0xE8, 0x1A, 0x06, 0x81, 0xA0,
  0xCF, 0xF2, 0x06, 0x80, 0xE0, 0x38, 0x0E, 0x03, 0xFF, 0xBF, 0xC0, 0x07,
  0x81, 0xFE, 0x30, 0x76, 0x02, 0x40, 0x0C, 0x00, 0xC0, 0x0C, 0x00, 0xC0,
  0x0C, 0x00, 0xC0, 0x06, 0x00, 0x70, 0x33, 0x8E, 0x1F, 0xC0, 0xFF, 0x90,
  0x3A, 0x03, 0x40, 0x38, 0x07, 0x00, 0x60, 0x0C, 0x01, 0x80, 0x30, 0x0E,
  0x01, 0xC0, 0x6F, 0xF9, 0xFC, 0x00, 0xFF, 0xC0, 0x20, 0x10, 0x08, 0x04,
  0x03, 0xFD, 0x00, 0x80, 0x40, 0x20, 0x10, 0x0F, 0xFF, 0xFC, 0xFF, 0x80,
  0x80, 0x80, 0x80, 0x80, 0xFF, 0xFF, 0x80, 0x80, 0x80, 0x80, 0x80, 0x80,
  0x07, 0x81, 0xFC, 0x30, 0x76, 0x02, 0x40, 0x0C, 0x00, 0xC0, 0x0C, 0x1F,
  0xC1, 0xFC, 0x03, 0xC0, 0x36, 0x03, 0x60, 0x33, 0x8E, 0x1F, 0xC0, 0x80,
  0x70, 0x0E, 0x01, 0xC0, 0x38, 0x07, 0x00, 0xFF, 0xFC, 0x03, 0x80, 0x70,
  0x0E, 0x01, 0xC0, 0x38, 0x07, 0x00, 0xC0, 0xFF, 0xFC, 0x03, 0x03, 0x03,
  0x03, 0x03, 0x03, 0x03, 0x03, 0x03, 0x03, 0x03, 0xC3, 0x66, 0x3E, 0x81,
  0xD0, 0x62, 0x18, 0x46, 0x09, 0x81, 0x60, 0x3E, 0x06, 0x60, 0xCE, 0x10,
  0xC2, 0x0C, 0x40, 0xC8, 0x19, 0x01, 0xC0, 0x80, 0x40, 0x20, 0x10, 0x08,
  0x04, 0x02, 0x01, 0x00, 0x80, 0x40, 0x20, 0x10, 0x0F, 0xFF, 0xFC, 0xC0,
  0x1F, 0x80, 0x7E, 0x03, 0xEC, 0x0B, 0xB0, 0x6E, 0x63, 0x38, 0xCC, 0xE3,
  0x63, 0x87, 0x0E, 0x1C, 0x38, 0x20, 0xE0, 0x03, 0x80, 0x0E, 0x00, 0x30,
  0xC0, 0x7C, 0x0F, 0x81, 0xD8, 0x39, 0x87, 0x30, 0xE3, 0x1C, 0x33, 0x86,
  0x70, 0x6E, 0x07, 0xC0, 0xF8, 0x0F, 0x00, 0xC0, 0x07, 0x80, 0xFF, 0x0C,
  0x1C, 0xC0, 0x64, 0x01, 0xE0, 0x0F, 0x00, 0x78, 0x03, 0xC0, 0x1E, 0x00,
  0xF0, 0x06, 0xC0, 0x26, 0x03, 0x1C, 0x70, 0x7F, 0x00, 0xFF, 0x20, 0xE8,
  0x1A, 0x03, 0x80, 0xE0, 0x68, 0x3B, 0xFC, 0x80, 0x20, 0x08, 0x02, 0x00,
  0x80, 0x20, 0x00, 0x07, 0x80, 0xFF, 0x0C, 0x1C, 0xC0, 0x64, 0x01, 0xE0,
  0x0F, 0x00, 0x78, 0x03, 0xC0, 0x1E, 0x00, 0xF0, 0x26, 0xC3, 0xB6, 0x0F,
  0x1C, 0x70, 0x7F, 0xC0, 0x03, 0x00, 0x10, 0xFF, 0x20, 0xE8, 0x1A, 0x02,
  0x80, 0xA0, 0x6F, 0xF3, 0xF8, 0x86, 0x21, 0x88, 0x32, 0x04, 0x81, 0xA0,
  0x30, 0x1E, 0x1F, 0xEE, 0x1F, 0x02, 0xC0, 0x30, 0x07, 0x00, 0xF8, 0x07,
  0x80, 0x70, 0x0C, 0x03, 0xC0, 0xF8, 0xE3, 0xF0, 0xFF, 0xE0, 0xC0, 0x18,
  0x03, 0x00, 0x60, 0x0C, 0x01, 0x80, 0x30, 0x06, 0x00, 0xC0, 0x18, 0x03,
  0x00, 0x60, 0x0C, 0x00, 0x80, 0x60, 0x18, 0x06, 0x01, 0x80, 0x60, 0x18,
  0x06, 0x01, 0x80, 0x60, 0x3C, 0x0F, 0x03, 0x73, 0x8F, 0xC0, 0xC0, 0x1B,
  0x01, 0x98, 0x0C, 0x60, 0x43, 0x06, 0x08, 0x30, 0x63, 0x03, 0x18, 0x08,
  0x80, 0x6C, 0x03, 0x60, 0x0A, 0x00, 0x70, 0x03, 0x80, 0xC0, 0xE0, 0x6C,
  0x1C, 0x19, 0x82, 0x83, 0x30, 0xD8, 0x42, 0x1B, 0x18, 0x62, 0x63, 0x0C,
  0x44, 0x60, 0x98, 0xC8, 0x1B, 0x1B, 0x03, 0x41, 0x60, 0x78, 0x3C, 0x07,
  0x07, 0x00, 0xC0, 0x60, 0x18, 0x0C, 0x00, 0x60, 0x73, 0x04, 0x18, 0xC1,
  0x98, 0x0D, 0x00, 0x70, 0x06, 0x00, 0xF0, 0x0D, 0x81, 0x98, 0x10, 0xC3,
  0x0C, 0x60, 0x6E, 0x03, 0xE0, 0x76, 0x06, 0x30, 0xC3, 0x0C, 0x19, 0x80,
  0x90, 0x0F, 0x00, 0x60, 0x06, 0x00, 0x60, 0x06, 0x00, 0x60, 0x06, 0x00,
  0x60, 0xFF, 0xC0, 0x60, 0x18, 0x0C, 0x06, 0x01, 0x80, 0xC0, 0x60, 0x30,
  0x0C, 0x06, 0x03, 0x00, 0xFF, 0xFF, 0xF0, 0xFE, 0x31, 0x8C, 0x63, 0x18,
  0xC6, 0x31, 0x8C, 0x63, 0x18, 0xF8, 0xC1, 0x06, 0x18, 0x20, 0xC3, 0x04,
  0x18, 0x60, 0x83, 0x0C, 0x10, 0xF8, 0xC6, 0x31, 0x8C, 0x63, 0x18, 0xC6,
  0x31, 0x8C, 0x63, 0xF8, 0x18, 0x1C, 0x34, 0x26, 0x63, 0xC1, 0xFF, 0xFF,
  0xC0, 0x4E, 0x32, 0x18, 0x7E, 0xC3, 0x03, 0x01, 0x3F, 0xE1, 0xC3, 0x83,
  0xC7, 0x7D, 0xC0, 0x30, 0x0C, 0x03, 0x38, 0xDF, 0x38, 0x6C, 0x0B, 0x03,
  0xC0, 0xF0, 0x3C, 0x0F, 0x86, 0xF3, 0xB7, 0xC0, 0x1C, 0x3F, 0x98, 0xF8,
  0x0C, 0x06, 0x03, 0x01, 0x80, 0xC1, 0x31, 0xCF, 0x80, 0x00, 0x80, 0x40,
  0x23, 0x17, 0xEB, 0x1F, 0x07, 0x81, 0xC0, 0xE0, 0x70, 0x78, 0x37, 0x39,
  0xF4, 0x1C, 0x3F, 0x98, 0xD8, 0x3C, 0x1F, 0xFF, 0x01, 0x80, 0xC1, 0x31,
  0xCF, 0x80, 0x0C, 0xF3, 0x0C, 0x33, 0xF3, 0x0C, 0x30, 0xC3, 0x0C, 0x30,
  0xC3, 0x00, 0x18, 0x3F, 0x58, 0xF8, 0x3C, 0x0C, 0x07, 0x03, 0x83, 0xC1,
  0xBF, 0x4F, 0x20, 0x34, 0x1F, 0x19, 0xFC, 0xC0, 0x60, 0x30, 0x19, 0xCD,
  0xF7, 0x0F, 0x07, 0x83, 0xC1, 0xE0, 0xF0, 0x78, 0x3C, 0x1E, 0x0C, 0x5C,
  0x00, 0x92, 0x49, 0x24, 0x90, 0x11, 0xC0, 0x00, 0x08, 0x42, 0x10, 0x84,
  0x21, 0x08, 0x42, 0x11, 0xBC, 0xC0, 0x60, 0x30, 0x18, 0x1C, 0x36, 0x33,
  0x31, 0xB0, 0xF8, 0x76, 0x31, 0x18, 0xCC, 0x36, 0x1C, 0xDB, 0x6D, 0xB6,
  0xDB, 0x6C, 0xC0, 0x0C, 0x39, 0xBC, 0xFB, 0x8E, 0x1E, 0x0C, 0x3C, 0x10,
  0x78, 0x20, 0xF0, 0x41, 0xE0, 0x83, 0xC1, 0x07, 0x82, 0x0F, 0x04, 0x18,
  0x0E, 0x6F, 0xB8, 0x78, 0x3C, 0x1E, 0x0F, 0x07, 0x83, 0xC1, 0xE0, 0xF0,
  0x60, 0x1C, 0x3F, 0x98, 0xF8, 0x3C, 0x0E, 0x07, 0x03, 0x83, 0xC1, 0xB1,
  0x8F, 0x80, 0x0E, 0x37, 0xCE, 0x1B, 0x02, 0xC0, 0xF0, 0x3C, 0x0F, 0x03,
  0xE1, 0xBC, 0xED, 0xF3, 0x00, 0xC0, 0x30, 0x0C, 0x00, 0x18, 0x3F, 0x58,
  0xF8, 0x3C, 0x0E, 0x07, 0x03, 0x83, 0xC1, 0xB9, 0xCF, 0xA0, 0x10, 0x08,
  0x04, 0x02, 0x07, 0x7F, 0x38, 0xC3, 0x0C, 0x30, 0xC3, 0x0C, 0x00, 0x38,
  0x7E, 0xC3, 0xC0, 0xE0, 0x78, 0x1E, 0x03, 0x83, 0xC6, 0x7C, 0x30, 0x60,
  0xC1, 0x8F, 0xE6, 0x0C, 0x18, 0x30, 0x60, 0xC1, 0x83, 0x03, 0x80, 0xC1,
  0xE0, 0xF0, 0x78, 0x3C, 0x1E, 0x0F, 0x06, 0x83, 0x63, 0x9E, 0xC0, 0xC0,
  0xD8, 0x66, 0x18, 0x84, 0x33, 0x0C, 0xC1, 0x20, 0x78, 0x1C, 0x03, 0x00,
  0xC1, 0x86, 0x87, 0x0D, 0x8A, 0x13, 0x16, 0x62, 0x64, 0xC6, 0xC9, 0x0D,
  0x1A, 0x0A, 0x3C, 0x1C, 0x30, 0x30, 0x60, 0xE1, 0x99, 0x8C, 0x83, 0xC0,
  0xC0, 0xE0, 0x58, 0x66, 0x63, 0x60, 0xC0, 0xC0, 0xD8, 0x66, 0x18, 0x84,
  0x33, 0x0C, 0xC1, 0x20, 0x78, 0x1C, 0x03, 0x00, 0xC0, 0x60, 0x18, 0x0C,
  0x00, 0xFE, 0x06, 0x0C, 0x08, 0x18, 0x30, 0x60, 0xC0, 0xFF, 0xFF, 0x0C,
  0x61, 0x04, 0x10, 0x41, 0x1C, 0xE0, 0xC1, 0x04, 0x10, 0x41, 0x06, 0x0C,
  0xFF, 0xFF, 0xFF, 0xFF, 0xC0, 0xE0, 0xC3, 0x0C, 0x30, 0x41, 0x06, 0x0C,
  0x61, 0x04, 0x30, 0xC3, 0x1C, 0xE0, 0x21, 0xFF, 0x8E };

const GFXglyph MiSansLatin_Regular10pt7bGlyphs[] PROGMEM = {
  {     0,   1,   1,   6,    0,    0 },   // 0x20 ' '
  {     1,   2,  14,   6,    2,  -13 },   // 0x21 '!'
  {     5,   5,   5,   7,    1,  -15 },   // 0x22 '"'
  {     9,  12,  14,  14,    1,  -13 },   // 0x23 '#'
  {    30,  10,  18,  11,    1,  -15 },   // 0x24 '$'
  {    53,  16,  14,  16,    0,  -13 },   // 0x25 '%'
  {    81,  13,  15,  14,    1,  -14 },   // 0x26 '&'
  {   106,   2,   5,   4,    1,  -15 },   // 0x27 '''
  {   108,   4,  17,   6,    1,  -15 },   // 0x28 '('
  {   117,   4,  17,   6,    1,  -15 },   // 0x29 ')'
  {   126,   6,   5,   9,    1,  -13 },   // 0x2A '*'
  {   130,   8,   9,  12,    2,  -11 },   // 0x2B '+'
  {   139,   3,   4,   5,    1,   -1 },   // 0x2C ','
  {   141,   7,   1,   9,    1,   -7 },   // 0x2D '-'
  {   142,   3,   2,   5,    1,   -1 },   // 0x2E '.'
  {   143,   6,  14,   8,    1,  -13 },   // 0x2F '/'
  {   154,  10,  15,  12,    1,  -14 },   // 0x30 '0'
  {   173,   5,  14,   8,    1,  -13 },   // 0x31 '1'
  {   182,   9,  15,  11,    1,  -14 },   // 0x32 '2'
  {   199,  10,  14,  12,    1,  -13 },   // 0x33 '3'
  {   217,  10,  14,  12,    1,  -13 },   // 0x34 '4'
  {   235,  10,  14,  12,    1,  -13 },   // 0x35 '5'
  {   253,  10,  14,  12,    1,  -13 },   // 0x36 '6'
  {   271,   8,  14,  10,    1,  -13 },   // 0x37 '7'
  {   285,  10,  15,  12,    1,  -14 },   // 0x38 '8'
  {   304,  10,  15,  12,    1,  -14 },   // 0x39 '9'
  {   323,   3,  10,   5,    1,   -9 },   // 0x3A ':'
  {   327,   3,  13,   6,    1,  -10 },   // 0x3B ';'
  {   332,   8,  11,  12,    2,  -12 },   // 0x3C '<'
  {   343,   8,   6,  12,    2,   -9 },   // 0x3D '='
  {   349,   8,  11,  12,    2,  -12 },   // 0x3E '>'
  {   360,   8,  15,  10,    1,  -14 },   // 0x3F '?'
  {   375,  14,  15,  16,    1,  -14 },   // 0x40 '@'
  {   402,  13,  14,  13,    0,  -13 },   // 0x41 'A'
  {   425,  10,  14,  13,    2,  -13 },   // 0x42 'B'
  {   443,  12,  15,  14,    1,  -14 },   // 0x43 'C'
  {   466,  11,  14,  15,    2,  -13 },   // 0x44 'D'
  {   486,   9,  14,  12,    2,  -13 },   // 0x45 'E'
  {   502,   8,  14,  11,    2,  -13 },   // 0x46 'F'
  {   516,  12,  15,  14,    1,  -14 },   // 0x47 'G'
  {   539,  11,  14,  14,    2,  -13 },   // 0x48 'H'
  {   559,   1,  14,   5,    2,  -13 },   // 0x49 'I'
  {   561,   8,  14,   9,    0,  -13 },   // 0x4A 'J'
  {   575,  11,  14,  13,    2,  -13 },   // 0x4B 'K'
  {   595,   9,  14,  11,    2,  -13 },   // 0x4C 'L'
  {   611,  14,  14,  17,    2,  -13 },   // 0x4D 'M'
  {   636,  11,  14,  14,    2,  -13 },   // 0x4E 'N'
  {   656,  13,  15,  15,    1,  -14 },   // 0x4F 'O'
  {   681,  10,  14,  12,    2,  -13 },   // 0x50 'P'
  {   699,  13,  17,  15,    1,  -14 },   // 0x51 'Q'
  {   727,  10,  14,  12,    2,  -13 },   // 0x52 'R'
  {   745,  10,  15,  12,    1,  -14 },   // 0x53 'S'
  {   764,  11,  14,  12,    0,  -13 },   // 0x54 'T'
  {   784,  10,  14,  14,    2,  -13 },   // 0x55 'U'
  {   802,  13,  14,  13,    0,  -13 },   // 0x56 'V'
  {   825,  19,  14,  19,    0,  -13 },   // 0x57 'W'
  {   859,  12,  14,  12,    0,  -13 },   // 0x58 'X'
  {   880,  12,  14,  12,    0,  -13 },   // 0x59 'Y'
  {   901,  10,  14,  12,    1,  -13 },   // 0x5A 'Z'
  {   919,   5,  17,   7,    2,  -15 },   // 0x5B '['
  {   930,   6,  14,   7,    0,  -13 },   // 0x5C '\'
  {   941,   5,  17,   7,    0,  -15 },   // 0x5D ']'
  {   952,   8,   6,   9,    0,  -15 },   // 0x5E '^'
  {   958,   9,   2,   9,    0,    2 },   // 0x5F '_'
  {   961,   4,   4,   5,    0,  -14 },   // 0x60 '`'
  {   963,   8,  11,  11,    1,  -10 },   // 0x61 'a'
  {   974,  10,  14,  12,    1,  -13 },   // 0x62 'b'
  {   992,   9,  11,  10,    1,  -10 },   // 0x63 'c'
  {  1005,   9,  14,  12,    1,  -13 },   // 0x64 'd'
  {  1021,   9,  11,  11,    1,  -10 },   // 0x65 'e'
  {  1034,   6,  15,   7,    0,  -14 },   // 0x66 'f'
  {  1046,   9,  15,  12,    1,  -10 },   // 0x67 'g'
  {  1063,   9,  14,  11,    1,  -13 },   // 0x68 'h'
  {  1079,   3,  15,   5,    1,  -14 },   // 0x69 'i'
  {  1085,   5,  19,   5,   -1,  -14 },   // 0x6A 'j'
  {  1097,   9,  14,  10,    1,  -13 },   // 0x6B 'k'
  {  1113,   3,  14,   5,    1,  -13 },   // 0x6C 'l'
  {  1119,  15,  11,  17,    1,  -10 },   // 0x6D 'm'
  {  1140,   9,  11,  11,    1,  -10 },   // 0x6E 'n'
  {  1153,   9,  11,  11,    1,  -10 },   // 0x6F 'o'
  {  1166,  10,  15,  12,    1,  -10 },   // 0x70 'p'
  {  1185,   9,  15,  12,    1,  -10 },   // 0x71 'q'
  {  1202,   6,  11,   7,    1,  -10 },   // 0x72 'r'
  {  1211,   8,  11,   9,    1,  -10 },   // 0x73 's'
  {  1222,   7,  14,   7,    0,  -13 },   // 0x74 't'
  {  1235,   9,  10,  11,    1,   -9 },   // 0x75 'u'
  {  1247,  10,  10,  10,    0,   -9 },   // 0x76 'v'
  {  1260,  15,  10,  15,    0,   -9 },   // 0x77 'w'
  {  1279,   9,  10,  10,    0,   -9 },   // 0x78 'x'
  {  1291,  10,  14,  10,    0,   -9 },   // 0x79 'y'
  {  1309,   8,  10,   9,    1,   -9 },   // 0x7A 'z'
  {  1319,   6,  17,   7,    0,  -15 },   // 0x7B '{'
  {  1332,   2,  17,   4,    1,  -15 },   // 0x7C '|'
  {  1337,   6,  17,   7,    0,  -15 },   // 0x7D '}'
  {  1350,   8,   3,  10,    1,   -8 } }; // 0x7E '~'

const GFXfont MiSansLatin_Regular10pt7b PROGMEM = {
  (uint8_t  *)MiSansLatin_Regular10pt7bBitmaps,
  (GFXglyph *)MiSansLatin_Regular10pt7bGlyphs,
  0x20, 0x7E, 26 };

// Approx. 2025 bytes

const uint8_t MiSansLatin_Regular8pt7bBitmaps[] PROGMEM = {
  0x00, 0xF5, 0x55, 0x07, 0xBA, 0xAA, 0x11, 0x08, 0x84, 0xC6, 0x4F, 0xF9,
  0x10, 0x88, 0x4C, 0xFF, 0xA2, 0x11, 0x09, 0x80, 0x08, 0x0E, 0x1F, 0xC9,
  0x24, 0x83, 0x40, 0xE0, 0x1C, 0x0B, 0x04, 0xF2, 0x6D, 0x63, 0xE0, 0x40,
  0x30, 0x23, 0xC3, 0x21, 0x31, 0x09, 0x04, 0x90, 0x19, 0x80, 0x18, 0x00,
  0x9E, 0x0D, 0x10, 0xC8, 0xC4, 0x64, 0xC1, 0xE0, 0x1C, 0x0D, 0x86, 0x21,
  0x88, 0x26, 0x0E, 0x07, 0x8B, 0x32, 0x87, 0xA0, 0xCC, 0x79, 0xF3, 0xF0,
  0x2D, 0x2D, 0xA4, 0xD9, 0x26, 0x40, 0xC6, 0x22, 0x23, 0x33, 0x32, 0x22,
  0x6C, 0x25, 0x5D, 0xF2, 0x00, 0x10, 0x20, 0x47, 0xF1, 0x02, 0x04, 0x00,
  0xFA, 0xFF, 0xC0, 0xF0, 0x18, 0x84, 0x62, 0x11, 0x88, 0x46, 0x21, 0x00,
  0x3C, 0x6E, 0x42, 0xC3, 0x83, 0x81, 0x81, 0x81, 0xC3, 0xC3, 0x66, 0x3C,
  0x3E, 0x92, 0x49, 0x24, 0x90, 0x39, 0xDA, 0x18, 0x30, 0x60, 0x82, 0x0C,
  0x30, 0xC3, 0x07, 0xF0, 0xFF, 0xFC, 0x30, 0xC3, 0x07, 0x89, 0x81, 0x03,
  0x07, 0x1B, 0xE0, 0x06, 0x03, 0x02, 0x83, 0x41, 0x21, 0x90, 0x88, 0x84,
  0xFF, 0x81, 0x00, 0x80, 0x40, 0x7E, 0x7E, 0x40, 0x40, 0xC0, 0xFC, 0xC6,
  0x02, 0x03, 0x82, 0xC6, 0x7C, 0x08, 0x18, 0x30, 0x20, 0x60, 0x7C, 0xC6,
  0x83, 0x83, 0x83, 0xC6, 0x7C, 0xFF, 0xFE, 0x02, 0x06, 0x04, 0x0C, 0x08,
  0x18, 0x10, 0x10, 0x30, 0x60, 0x3C, 0x66, 0xC2, 0xC2, 0x42, 0x3C, 0x6E,
  0xC3, 0x83, 0x83, 0xC2, 0x7C, 0x38, 0x6E, 0xC2, 0x83, 0x83, 0xC2, 0x7E,
  0x34, 0x0C, 0x08, 0x18, 0x30, 0xF0, 0x0F, 0x70, 0x03, 0xE8, 0x02, 0x1C,
  0xE7, 0x0C, 0x06, 0x07, 0x03, 0x02, 0xFE, 0x00, 0x07, 0xFF, 0xE0, 0xC0,
  0xC0, 0x60, 0x30, 0x63, 0x9C, 0x60, 0x80, 0x38, 0xCF, 0x08, 0x10, 0x61,
  0x86, 0x08, 0x00, 0x00, 0x40, 0xC0, 0x0F, 0x06, 0x39, 0x01, 0x46, 0x99,
  0xB3, 0x22, 0x64, 0x4C, 0x8D, 0x8E, 0xD8, 0x01, 0x82, 0x0F, 0xC0, 0x0C,
  0x03, 0x00, 0xE0, 0x68, 0x12, 0x04, 0xC3, 0x10, 0xFE, 0x20, 0x98, 0x24,
  0x0F, 0x01, 0xFC, 0x7F, 0x30, 0xD8, 0x2C, 0x37, 0xF3, 0xFD, 0x82, 0xC1,
  0xE0, 0xF0, 0xDF, 0xC0, 0x1E, 0x1D, 0xD8, 0x38, 0x08, 0x04, 0x02, 0x01,
  0x00, 0xC0, 0x20, 0x58, 0x67, 0xE0, 0xFC, 0x3F, 0xCC, 0x1B, 0x02, 0xC0,
  0xF0, 0x3C, 0x0F, 0x03, 0xC0, 0xB0, 0x6C, 0x33, 0xF8, 0xFE, 0xFE, 0xC0,
  0xC0, 0xC0, 0xFE, 0xFE, 0xC0, 0xC0, 0xC0, 0xC0, 0xFF, 0xFF, 0xFF, 0x06,
  0x0C, 0x18, 0x3F, 0xE0, 0xC1, 0x83, 0x06, 0x00, 0x1E, 0x1D, 0xD8, 0x38,
  0x08, 0x04, 0x02, 0x1F, 0x01, 0xC0, 0xE0, 0x58, 0x67, 0xE0, 0xC0, 0xE0,
  0x70, 0x38, 0x1C, 0x0F, 0xFF, 0xFF, 0x81, 0xC0, 0xE0, 0x70, 0x38, 0x10,
  0xFF, 0xFF, 0xFF, 0x04, 0x10, 0x41, 0x04, 0x10, 0x41, 0x05, 0x1C, 0xDE,
  0xC1, 0xE1, 0xB1, 0x99, 0x8D, 0x87, 0x83, 0xE1, 0x98, 0xC6, 0x61, 0x30,
  0xD8, 0x30, 0xC0, 0xC0, 0xC0, 0xC0, 0xC0, 0xC0, 0xC0, 0xC0, 0xC0, 0xC0,
  0xC0, 0xFF, 0xC0, 0x3C, 0x07, 0xE0, 0x7F, 0x0F, 0xD0, 0xBD, 0x9B, 0xCB,
  0x3C, 0xE3, 0xC6, 0x3C, 0x03, 0xC0, 0x3C, 0x03, 0xC0, 0xE0, 0x78, 0x3E,
  0x1D, 0x0E, 0x47, 0x33, 0x89, 0xC2, 0xE1, 0xF0, 0x78, 0x10, 0x1E, 0x0E,
  0xE4, 0x0B, 0x03, 0x80, 0x60, 0x18, 0x06, 0x01, 0xC0, 0x70, 0x36, 0x18,
  0xFC, 0xF8, 0xFE, 0xC3, 0xC1, 0xC1, 0xC3, 0xFE, 0xF8, 0xC0, 0xC0, 0xC0,
  0xC0, 0x1E, 0x0E, 0xE4, 0x0B, 0x03, 0x80, 0x60, 0x18, 0x06, 0x01, 0xC2,
  0x70, 0xF6, 0x18, 0xFF, 0x00, 0x40, 0xF8, 0x7F, 0x30, 0xD8, 0x2C, 0x16,
  0x1B, 0xF9, 0x98, 0xC4, 0x61, 0x30, 0xD8, 0x30, 0x1E, 0x3B, 0x90, 0x68,
  0x06, 0x01, 0xC0, 0x38, 0x06, 0x01, 0xE0, 0xD8, 0x47, 0xC0, 0xFF, 0xFF,
  0xC2, 0x01, 0x00, 0x80, 0x40, 0x20, 0x10, 0x08, 0x04, 0x02, 0x01, 0x00,
  0xC1, 0xE0, 0xF0, 0x78, 0x3C, 0x1E, 0x0F, 0x07, 0x83, 0xC1, 0xA0, 0xD8,
  0xC7, 0xC0, 0xC0, 0x50, 0x34, 0x09, 0x82, 0x21, 0x8C, 0x41, 0x10, 0x4C,
  0x1A, 0x03, 0x80, 0xE0, 0x30, 0xC1, 0x06, 0x83, 0x0D, 0x0E, 0x13, 0x14,
  0x26, 0x28, 0xC4, 0xD9, 0x09, 0x12, 0x1A, 0x24, 0x14, 0x78, 0x38, 0x60,
  0x60, 0xC0, 0xC1, 0x80, 0x40, 0x98, 0x63, 0x30, 0x48, 0x1E, 0x03, 0x00,
  0xC0, 0x78, 0x32, 0x08, 0xC6, 0x1B, 0x03, 0xC0, 0xD0, 0x66, 0x10, 0x8C,
  0x12, 0x07, 0x80, 0xC0, 0x30, 0x0C, 0x03, 0x00, 0xC0, 0x30, 0x7F, 0xBF,
  0xC0, 0xC0, 0x40, 0x40, 0x60, 0x20, 0x20, 0x30, 0x30, 0x10, 0x1F, 0xF0,
  0xF2, 0x49, 0x24, 0x92, 0x49, 0xC0, 0xC6, 0x10, 0x86, 0x10, 0x86, 0x10,
  0x86, 0x10, 0xF3, 0x33, 0x33, 0x33, 0x33, 0x33, 0x3F, 0x10, 0x70, 0xA2,
  0x2C, 0x60, 0xFE, 0xC8, 0x80, 0x13, 0xF4, 0x41, 0x7F, 0x18, 0x63, 0xF4,
  0x80, 0x80, 0x80, 0x88, 0xBC, 0xC6, 0xC3, 0x83, 0x83, 0xC2, 0xC6, 0xBC,
  0x10, 0xFB, 0x1C, 0x08, 0x10, 0x20, 0x63, 0x7C, 0x02, 0x04, 0x08, 0x97,
  0xB8, 0xE0, 0xC1, 0x83, 0x07, 0x1B, 0xD0, 0x10, 0xFB, 0x1C, 0x1F, 0xF0,
  0x20, 0x63, 0x7C, 0x19, 0xC8, 0x4F, 0x90, 0x84, 0x21, 0x08, 0x40, 0x10,
  0xF7, 0x1C, 0x18, 0x30, 0x60, 0xE3, 0x7A, 0x06, 0x1B, 0xE1, 0x00, 0x81,
  0x02, 0x04, 0x4B, 0xD8, 0xE0, 0xC1, 0x83, 0x06, 0x0C, 0x10, 0xF0, 0xFF,
  0xFF, 0x33, 0x00, 0x33, 0x33, 0x33, 0x33, 0x33, 0xE4, 0x81, 0x02, 0x04,
  0x18, 0xD3, 0x2C, 0x78, 0xD9, 0x12, 0x34, 0x30, 0xAA, 0xAA, 0xAB, 0x10,
  0x8B, 0xDE, 0xC6, 0x38, 0x63, 0x86, 0x38, 0x63, 0x86, 0x38, 0x63, 0x86,
  0x30, 0x09, 0x7B, 0x1C, 0x18, 0x30, 0x60, 0xC1, 0x82, 0x10, 0xFB, 0x1C,
  0x18, 0x30, 0x60, 0xE3, 0x7C, 0x08, 0xBC, 0xC6, 0xC3, 0x83, 0x83, 0xC2,
  0xC6, 0xBC, 0x80, 0x80, 0x80, 0x10, 0xF7, 0x1C, 0x18, 0x30, 0x60, 0xE3,
  0x7A, 0x04, 0x08, 0x10, 0x0D, 0xF1, 0x88, 0x42, 0x10, 0x80, 0x10, 0xF9,
  0x1A, 0x07, 0x81, 0x81, 0xE3, 0x7C, 0x21, 0x09, 0xF2, 0x10, 0x84, 0x21,
  0x0E, 0x83, 0x06, 0x0C, 0x18, 0x30, 0x71, 0xBD, 0xC3, 0x42, 0x66, 0x24,
  0x24, 0x3C, 0x18, 0x18, 0xC6, 0x14, 0x63, 0x45, 0x26, 0xD2, 0x29, 0x62,
  0x9C, 0x38, 0xC1, 0x0C, 0xC6, 0x24, 0x3C, 0x18, 0x18, 0x2C, 0x66, 0xC3,
  0xC3, 0x42, 0x66, 0x24, 0x24, 0x3C, 0x18, 0x18, 0x10, 0x10, 0x30, 0x7E,
  0x08, 0x20, 0xC3, 0x04, 0x10, 0x7F, 0x19, 0x88, 0x42, 0x13, 0x9C, 0x21,
  0x08, 0x63, 0x0C, 0xFF, 0xFC, 0xE1, 0x08, 0x42, 0x10, 0x63, 0x21, 0x08,
  0x46, 0x60, 0x66, 0x70 };

const GFXglyph MiSansLatin_Regular8pt7bGlyphs[] PROGMEM = {
  {     0,   1,   1,   5,    0,    0 },   // 0x20 ' '
  {     1,   2,  12,   5,    1,  -11 },   // 0x21 '!'
  {     4,   4,   4,   5,    1,  -12 },   // 0x22 '"'
  {     6,   9,  12,  11,    1,  -11 },   // 0x23 '#'
  {    20,   9,  14,   9,    0,  -12 },   // 0x24 '$'
  {    36,  13,  12,  13,    0,  -11 },   // 0x25 '%'
  {    56,  10,  12,  11,    1,  -11 },   // 0x26 '&'
  {    71,   1,   4,   3,    1,  -12 },   // 0x27 '''
  {    72,   3,  14,   5,    1,  -12 },   // 0x28 '('
  {    78,   4,  14,   5,    0,  -12 },   // 0x29 ')'
  {    85,   5,   5,   7,    1,  -11 },   // 0x2A '*'
  {    89,   7,   7,  10,    1,   -8 },   // 0x2B '+'
  {    96,   2,   4,   4,    1,   -1 },   // 0x2C ','
  {    97,   5,   2,   7,    1,   -6 },   // 0x2D '-'
  {    99,   2,   2,   4,    1,   -1 },   // 0x2E '.'
  {   100,   5,  12,   6,    1,  -11 },   // 0x2F '/'
  {   108,   8,  12,  10,    1,  -11 },   // 0x30 '0'
  {   120,   3,  12,   6,    1,  -11 },   // 0x31 '1'
  {   125,   7,  12,   9,    1,  -11 },   // 0x32 '2'
  {   136,   7,  12,   9,    1,  -11 },   // 0x33 '3'
  {   147,   9,  12,   9,    0,  -11 },   // 0x34 '4'
  {   161,   8,  12,   9,    1,  -11 },   // 0x35 '5'
  {   173,   8,  12,  10,    1,  -11 },   // 0x36 '6'
  {   185,   8,  12,   8,    0,  -11 },   // 0x37 '7'
  {   197,   8,  12,  10,    1,  -11 },   // 0x38 '8'
  {   209,   8,  12,   9,    1,  -11 },   // 0x39 '9'
  {   221,   2,   8,   4,    1,   -7 },   // 0x3A ':'
  {   223,   2,  11,   4,    1,   -8 },   // 0x3B ';'
  {   226,   7,   9,  10,    1,   -9 },   // 0x3C '<'
  {   234,   7,   5,  10,    1,   -7 },   // 0x3D '='
  {   239,   7,   9,  10,    1,   -9 },   // 0x3E '>'
  {   247,   7,  12,   8,    0,  -11 },   // 0x3F '?'
  {   258,  11,  12,  13,    1,  -11 },   // 0x40 '@'
  {   275,  10,  12,  10,    0,  -11 },   // 0x41 'A'
  {   290,   9,  12,  10,    1,  -11 },   // 0x42 'B'
  {   304,   9,  12,  11,    1,  -11 },   // 0x43 'C'
  {   318,  10,  12,  12,    1,  -11 },   // 0x44 'D'
  {   333,   8,  12,   9,    1,  -11 },   // 0x45 'E'
  {   345,   7,  12,   9,    1,  -11 },   // 0x46 'F'
  {   356,   9,  12,  12,    1,  -11 },   // 0x47 'G'
  {   370,   9,  12,  11,    1,  -11 },   // 0x48 'H'
  {   384,   2,  12,   4,    1,  -11 },   // 0x49 'I'
  {   387,   6,  12,   7,    0,  -11 },   // 0x4A 'J'
  {   396,   9,  12,  10,    1,  -11 },   // 0x4B 'K'
  {   410,   8,  12,   9,    1,  -11 },   // 0x4C 'L'
  {   422,  12,  12,  14,    1,  -11 },   // 0x4D 'M'
  {   440,   9,  12,  12,    1,  -11 },   // 0x4E 'N'
  {   454,  10,  12,  12,    1,  -11 },   // 0x4F 'O'
  {   469,   8,  12,  10,    1,  -11 },   // 0x50 'P'
  {   481,  10,  13,  12,    1,  -11 },   // 0x51 'Q'
  {   498,   9,  12,  10,    1,  -11 },   // 0x52 'R'
  {   512,   9,  12,   9,    0,  -11 },   // 0x53 'S'
  {   526,   9,  12,   9,    0,  -11 },   // 0x54 'T'
  {   540,   9,  12,  11,    1,  -11 },   // 0x55 'U'
  {   554,  10,  12,  11,    0,  -11 },   // 0x56 'V'
  {   569,  15,  12,  15,    0,  -11 },   // 0x57 'W'
  {   592,  10,  12,  10,    0,  -11 },   // 0x58 'X'
  {   607,  10,  12,  10,    0,  -11 },   // 0x59 'Y'
  {   622,   9,  12,   9,    0,  -11 },   // 0x5A 'Z'
  {   636,   3,  14,   5,    2,  -12 },   // 0x5B '['
  {   642,   5,  12,   5,    0,  -11 },   // 0x5C '\'
  {   650,   4,  14,   5,    0,  -12 },   // 0x5D ']'
  {   657,   7,   5,   7,    0,  -12 },   // 0x5E '^'
  {   662,   7,   1,   7,    0,    2 },   // 0x5F '_'
  {   663,   3,   3,   4,    0,  -11 },   // 0x60 '`'
  {   665,   6,   9,   8,    1,   -8 },   // 0x61 'a'
  {   672,   8,  12,   9,    1,  -11 },   // 0x62 'b'
  {   684,   7,   9,   8,    1,   -8 },   // 0x63 'c'
  {   692,   7,  12,   9,    1,  -11 },   // 0x64 'd'
  {   703,   7,   9,   9,    1,   -8 },   // 0x65 'e'
  {   711,   5,  12,   5,    0,  -11 },   // 0x66 'f'
  {   719,   7,  13,   9,    1,   -8 },   // 0x67 'g'
  {   731,   7,  12,   9,    1,  -11 },   // 0x68 'h'
  {   742,   2,  12,   4,    1,  -11 },   // 0x69 'i'
  {   745,   4,  16,   4,   -1,  -11 },   // 0x6A 'j'
  {   753,   7,  12,   8,    1,  -11 },   // 0x6B 'k'
  {   764,   2,  12,   4,    1,  -11 },   // 0x6C 'l'
  {   767,  12,   9,  14,    1,   -8 },   // 0x6D 'm'
  {   781,   7,   9,   9,    1,   -8 },   // 0x6E 'n'
  {   789,   7,   9,   9,    1,   -8 },   // 0x6F 'o'
  {   797,   8,  12,   9,    1,   -8 },   // 0x70 'p'
  {   809,   7,  12,   9,    1,   -8 },   // 0x71 'q'
  {   820,   5,   9,   6,    1,   -8 },   // 0x72 'r'
  {   826,   7,   9,   7,    0,   -8 },   // 0x73 's'
  {   834,   5,  11,   6,    0,  -10 },   // 0x74 't'
  {   841,   7,   8,   9,    1,   -7 },   // 0x75 'u'
  {   848,   8,   8,   8,    0,   -7 },   // 0x76 'v'
  {   856,  12,   8,  12,    0,   -7 },   // 0x77 'w'
  {   868,   8,   8,   8,    0,   -7 },   // 0x78 'x'
  {   876,   8,  11,   8,    0,   -7 },   // 0x79 'y'
  {   887,   7,   8,   7,    0,   -7 },   // 0x7A 'z'
  {   894,   5,  14,   6,    0,  -12 },   // 0x7B '{'
  {   903,   1,  14,   4,    1,  -12 },   // 0x7C '|'
  {   905,   5,  14,   6,    0,  -12 },   // 0x7D '}'
  {   914,   6,   2,   8,    1,   -6 } }; // 0x7E '~'

const GFXfont MiSansLatin_Regular8pt7b PROGMEM = {
  (uint8_t  *)MiSansLatin_Regular8pt7bBitmaps,
  (GFXglyph *)MiSansLatin_Regular8pt7bGlyphs,
  0x20, 0x7E, 21 };

// Approx. 1588 bytes

const uint8_t MiSansLatin_Bold8pt7bBitmaps[] PROGMEM = {
  0x00, 0xFF, 0xFF, 0xFF, 0x0B, 0xF0, 0xDE, 0xF7, 0xB0, 0x19, 0x86, 0xC1,
  0x33, 0xFF, 0xFF, 0xCC, 0x83, 0x63, 0xFE, 0xFF, 0x99, 0x86, 0x41, 0xB0,
  0x0C, 0x0F, 0x1F, 0xCE, 0xF6, 0x13, 0x01, 0xF0, 0x7E, 0x07, 0xA0, 0xF8,
  0xEF, 0xE3, 0xE0, 0x60, 0x30, 0x33, 0xC3, 0x33, 0x39, 0x99, 0x87, 0x98,
  0x19, 0x80, 0x1C, 0x00, 0xDF, 0x0C, 0xD8, 0xC4, 0x4E, 0x3E, 0xE0, 0xE0,
  0x3E, 0x0F, 0xE1, 0xDC, 0x31, 0x07, 0x00, 0xF0, 0x3F, 0x77, 0xFE, 0xCF,
  0x98, 0xF3, 0xFF, 0x3F, 0xF0, 0xFE, 0x37, 0x66, 0xEC, 0xCC, 0xCE, 0x66,
  0x73, 0xE6, 0x73, 0x33, 0x33, 0x33, 0x37, 0x6E, 0x65, 0x7F, 0xFA, 0xB0,
  0x18, 0x18, 0x18, 0xFF, 0xFF, 0x18, 0x18, 0x18, 0xFF, 0x6C, 0xFF, 0xF0,
  0xDF, 0x80, 0x18, 0xCE, 0x63, 0x39, 0xCC, 0x67, 0x31, 0x80, 0x3C, 0x7E,
  0xFF, 0xE7, 0xC3, 0xC3, 0xC3, 0xC3, 0xC3, 0xE7, 0x7E, 0x3C, 0x1B, 0xFF,
  0xFB, 0x9C, 0xE7, 0x39, 0xCE, 0x70, 0x38, 0xFE, 0xEE, 0x46, 0x06, 0x0E,
  0x1C, 0x38, 0x70, 0xF0, 0xFF, 0xFF, 0xFE, 0xFE, 0xFE, 0x1C, 0x38, 0x7C,
  0x3E, 0x07, 0x47, 0xC7, 0xFE, 0x7C, 0x0F, 0x07, 0x87, 0xC3, 0xE3, 0xF1,
  0xB9, 0xDC, 0xCE, 0xFF, 0xFF, 0xC1, 0xC0, 0xE0, 0xFE, 0xFE, 0xFE, 0xE0,
  0xC8, 0xFE, 0xFE, 0x47, 0x47, 0xC7, 0xFE, 0x7C, 0x1C, 0x18, 0x38, 0x70,
  0x7C, 0xFE, 0xFF, 0xC3, 0xC3, 0xE7, 0xFF, 0x7C, 0xFF, 0xFF, 0xFF, 0x07,
  0x0E, 0x0E, 0x0C, 0x1C, 0x18, 0x38, 0x30, 0x70, 0x3C, 0x7E, 0xE7, 0xE7,
  0xE7, 0x7E, 0x7E, 0xE7, 0xC3, 0xE7, 0xFF, 0x7E, 0x3C, 0x7E, 0xEF, 0xC3,
  0xC3, 0xE7, 0xFF, 0x7E, 0x0E, 0x1C, 0x18, 0x38, 0xFD, 0x01, 0xBF, 0x7F,
  0x80, 0x3F, 0xDB, 0x00, 0x01, 0x07, 0x1F, 0x3C, 0xF0, 0xE0, 0x78, 0x1E,
  0x0F, 0x03, 0xFF, 0xFF, 0x00, 0x00, 0xFF, 0xFF, 0x80, 0xC0, 0xF0, 0x3C,
  0x0F, 0x0F, 0x3E, 0xF8, 0xE0, 0x80, 0x3C, 0x7E, 0xFF, 0x47, 0x07, 0x0E,
  0x1C, 0x18, 0x00, 0x18, 0x1C, 0x18, 0x3E, 0x0F, 0xE1, 0xDC, 0x31, 0x07,
  0x00, 0xF0, 0x3F, 0x77, 0xFE, 0xCF, 0x98, 0xF3, 0xFF, 0x3F, 0xF0, 0x0E,
  0x01, 0xC0, 0x3C, 0x0F, 0x81, 0xB0, 0x77, 0x0E, 0x61, 0xFE, 0x7F, 0xCE,
  0x19, 0x83, 0xF0, 0x70, 0xFC, 0x7F, 0xBF, 0xD8, 0x7C, 0x3F, 0xFB, 0xFD,
  0x87, 0xC1, 0xE1, 0xFF, 0xFF, 0xE0, 0x1E, 0x1F, 0xE7, 0xFF, 0x84, 0xC0,
  0x30, 0x0C, 0x03, 0x00, 0xE1, 0x3C, 0x77, 0xF8, 0xFC, 0xFC, 0x3F, 0xCF,
  0xFB, 0x07, 0xC1, 0xF0, 0x3C, 0x0F, 0x07, 0xC1, 0xF0, 0xEF, 0xFB, 0xF8,
  0xFF, 0xFF, 0xFF, 0xC0, 0xC0, 0xFE, 0xFE, 0xC0, 0xC0, 0xC0, 0xFF, 0xFF,
  0xFF, 0xFF, 0xFF, 0xC0, 0xC0, 0xFE, 0xFE, 0xFE, 0xC0, 0xC0, 0xC0, 0xC0,
  0x1E, 0x1F, 0xE7, 0xFF, 0x84, 0xC0, 0x31, 0xFC, 0x7F, 0x1F, 0xE1, 0xFC,
  0x77, 0xF8, 0xFC, 0xC1, 0xF0, 0x7C, 0x1F, 0x07, 0xC1, 0xFF, 0xFF, 0xFF,
  0x07, 0xC1, 0xF0, 0x7C, 0x1F, 0x07, 0xFF, 0xFF, 0xFF, 0x06, 0x0C, 0x18,
  0x30, 0x60, 0xC1, 0x83, 0x06, 0xCF, 0xFB, 0xE0, 0xC1, 0xF0, 0xEC, 0x73,
  0x38, 0xDC, 0x3F, 0x0F, 0xE3, 0xB8, 0xC7, 0x30, 0xEC, 0x3B, 0x07, 0xC0,
  0xC0, 0xC0, 0xC0, 0xC0, 0xC0, 0xC0, 0xC0, 0xC0, 0xC0, 0xFF, 0xFF, 0xC0,
  0x3E, 0x07, 0xF0, 0x7F, 0x0F, 0xF9, 0xFD, 0x9B, 0xDF, 0xBC, 0xF3, 0xC6,
  0x3C, 0x03, 0xC0, 0x3C, 0x03, 0xC1, 0xF8, 0x7F, 0x1F, 0xC7, 0xF9, 0xF7,
  0x7C, 0xDF, 0x3F, 0xC7, 0xF0, 0xFC, 0x3F, 0x07, 0x1E, 0x1F, 0xE7, 0xFF,
  0x87, 0xC0, 0xF0, 0x3C, 0x0F, 0x03, 0xE1, 0xFC, 0x77, 0xF8, 0xFC, 0xFC,
  0x7F, 0xBF, 0xD8, 0x7C, 0x3E, 0x1F, 0xFD, 0xFC, 0xC0, 0x60, 0x30, 0x18,
  0x00, 0x3F, 0x0F, 0xFB, 0xC7, 0x70, 0x7C, 0x0F, 0x81, 0xF0, 0x3E, 0x07,
  0xE0, 0xFE, 0x39, 0xFF, 0x1F, 0xE0, 0x0E, 0x00, 0x80, 0xFC, 0x7F, 0xBF,
  0xD8, 0x7C, 0x3E, 0x3F, 0xFD, 0xFC, 0xC6, 0x63, 0xB0, 0xD8, 0x70, 0x1E,
  0x1F, 0x9C, 0xEC, 0x27, 0x03, 0xF0, 0xFE, 0x07, 0x21, 0xF0, 0xDF, 0xE7,
  0xE0, 0xFF, 0xFF, 0xFF, 0xE1, 0x80, 0xC0, 0x60, 0x30, 0x18, 0x0C, 0x06,
  0x03, 0x01, 0x80, 0xC1, 0xE0, 0xF0, 0x78, 0x3C, 0x1E, 0x0F, 0x07, 0x83,
  0xE1, 0xF1, 0xDF, 0xE7, 0xC0, 0xE0, 0x7C, 0x1D, 0x83, 0xB8, 0x63, 0x1C,
  0x73, 0x0E, 0x60, 0xDC, 0x1F, 0x01, 0xE0, 0x3C, 0x07, 0x00, 0xE1, 0xC3,
  0xF0, 0xE1, 0x98, 0xF0, 0xCC, 0x7C, 0xE7, 0x36, 0x71, 0x9B, 0x30, 0xDD,
  0x98, 0x6C, 0xFC, 0x3E, 0x3C, 0x0F, 0x1E, 0x07, 0x0F, 0x03, 0x83, 0x80,
  0xF0, 0xEE, 0x38, 0xE7, 0x0F, 0xC1, 0xF0, 0x1E, 0x03, 0xC0, 0xF8, 0x1B,
  0x87, 0x39, 0xC7, 0x78, 0x70, 0xE0, 0xEE, 0x19, 0xC7, 0x1D, 0xC3, 0xB8,
  0x3E, 0x03, 0x80, 0x70, 0x0E, 0x01, 0xC0, 0x38, 0x07, 0x00, 0x7F, 0x9F,
  0xE7, 0xF8, 0x1C, 0x07, 0x03, 0x81, 0xC0, 0xE0, 0x38, 0x1C, 0x0F, 0xFF,
  0xFF, 0xFF, 0xEE, 0xEE, 0xEE, 0xEE, 0xEE, 0xFF, 0xC3, 0x86, 0x18, 0x70,
  0xC3, 0x0E, 0x18, 0x61, 0x87, 0xFF, 0x33, 0x33, 0x33, 0x33, 0x33, 0xFF,
  0x38, 0x79, 0xB7, 0x30, 0xFF, 0xFC, 0x6E, 0x32, 0x3C, 0x7E, 0x27, 0x03,
  0x7F, 0x7B, 0xE7, 0x7F, 0x7B, 0xC0, 0xC0, 0xC0, 0xDC, 0xFE, 0xE7, 0xC3,
  0xC3, 0xC3, 0xE7, 0xFF, 0xDE, 0x1E, 0x7F, 0x73, 0x60, 0xE0, 0x60, 0x72,
  0x7F, 0x3E, 0x03, 0x81, 0xC0, 0xE7, 0xF7, 0xFB, 0x9D, 0x8F, 0xC7, 0x63,
  0xB9, 0xDF, 0xE7, 0xF0, 0x1E, 0x3F, 0x9C, 0xCC, 0x7F, 0xFB, 0x01, 0x88,
  0xFE, 0x3E, 0x00, 0x1C, 0xF7, 0x5C, 0xFF, 0xF7, 0x1C, 0x71, 0xC7, 0x1C,
  0x3F, 0xBF, 0xDC, 0xEC, 0x7E, 0x3B, 0x1D, 0xDE, 0xFF, 0x1B, 0x91, 0xDF,
  0xC7, 0xE0, 0xC0, 0xC0, 0xC0, 0xDC, 0xFE, 0xE7, 0xC7, 0xC7, 0xC7, 0xC7,
  0xC7, 0xC7, 0xDF, 0x0D, 0xB6, 0xDB, 0x60, 0x31, 0xCC, 0x03, 0x18, 0xC6,
  0x31, 0x8C, 0x63, 0x7B, 0xC0, 0xC0, 0xC0, 0xC0, 0xC7, 0xCE, 0xDC, 0xF8,
  0xFC, 0xFC, 0xCE, 0xCE, 0xC7, 0xDB, 0x6D, 0xB6, 0xDB, 0xF0, 0xDC, 0xEF,
  0xFF, 0xEF, 0x7C, 0x63, 0xC6, 0x3C, 0x63, 0xC6, 0x3C, 0x63, 0xC6, 0x30,
  0xDC, 0xFE, 0xE7, 0xC7, 0xC7, 0xC7, 0xC7, 0xC7, 0xC7, 0x1E, 0x3F, 0x9C,
  0xEC, 0x7E, 0x3B, 0x1D, 0xCE, 0xFE, 0x3E, 0x00, 0xDC, 0xFE, 0xE7, 0xC3,
  0xC3, 0xC3, 0xE7, 0xFE, 0xDE, 0xC0, 0xC0, 0xC0, 0x3F, 0xBF, 0xDC, 0xEC,
  0x7E, 0x3B, 0x1D, 0xCE, 0xFF, 0x3F, 0x81, 0xC0, 0xE0, 0x70, 0xCF, 0x7F,
  0x38, 0xC3, 0x0C, 0x30, 0xC0, 0x3C, 0x7E, 0x66, 0x70, 0x7E, 0x0F, 0x47,
  0xFE, 0x7E, 0x30, 0xC3, 0x3F, 0xFC, 0xC3, 0x0C, 0x30, 0xF3, 0xC0, 0xC7,
  0xC7, 0xC7, 0xC7, 0xC7, 0xC7, 0xE7, 0xFF, 0x7F, 0xC3, 0xF1, 0x98, 0xCC,
  0xE7, 0x61, 0xB0, 0xF8, 0x38, 0x1C, 0x00, 0xC7, 0x1F, 0x38, 0xD9, 0xCE,
  0xCF, 0x66, 0xDB, 0x3E, 0xD8, 0xF3, 0x87, 0x1C, 0x38, 0xE0, 0xE3, 0xBB,
  0x8D, 0x87, 0x81, 0xC1, 0xE0, 0xF8, 0xEE, 0xE3, 0x80, 0xE3, 0xF1, 0xD8,
  0xCE, 0xE7, 0x61, 0xB0, 0xF8, 0x38, 0x1C, 0x0E, 0x06, 0x07, 0x00, 0xFF,
  0xFC, 0x38, 0xE1, 0x87, 0x1C, 0x7F, 0xFE, 0x0C, 0x73, 0x8C, 0x30, 0xCF,
  0x3C, 0x30, 0xC3, 0x0E, 0x1C, 0x30, 0xFF, 0xFF, 0xFF, 0xF0, 0xC3, 0xC7,
  0x0C, 0x30, 0xC3, 0xCF, 0x30, 0xC3, 0x1C, 0xE3, 0x00, 0x11, 0x3F, 0xFF,
  0xE8, 0xC0 };

const GFXglyph MiSansLatin_Bold8pt7bGlyphs[] PROGMEM = {
  {     0,   1,   1,   4,    0,    0 },   // 0x20 ' '
  {     1,   3,  12,   5,    1,  -11 },   // 0x21 '!'
  {     6,   5,   4,   7,    1,  -12 },   // 0x22 '"'
  {     9,  10,  12,  11,    1,  -11 },   // 0x23 '#'
  {    24,   9,  14,   9,    0,  -12 },   // 0x24 '$'
  {    40,  13,  12,  14,    0,  -11 },   // 0x25 '%'
  {    60,  11,  12,  12,    1,  -11 },   // 0x26 '&'
  {    77,   2,   4,   3,    1,  -12 },   // 0x27 '''
  {    78,   4,  14,   6,    1,  -12 },   // 0x28 '('
  {    85,   4,  14,   6,    0,  -12 },   // 0x29 ')'
  {    92,   5,   6,   7,    1,  -11 },   // 0x2A '*'
  {    96,   8,   8,  10,    1,   -9 },   // 0x2B '+'
  {   104,   3,   5,   5,    1,   -2 },   // 0x2C ','
  {   106,   6,   2,   7,    1,   -6 },   // 0x2D '-'
  {   108,   3,   3,   5,    1,   -2 },   // 0x2E '.'
  {   110,   5,  12,   7,    1,  -11 },   // 0x2F '/'
  {   118,   8,  12,  10,    1,  -11 },   // 0x30 '0'
  {   130,   5,  12,   7,    1,  -11 },   // 0x31 '1'
  {   138,   8,  12,   9,    1,  -11 },   // 0x32 '2'
  {   150,   8,  12,   9,    1,  -11 },   // 0x33 '3'
  {   162,   9,  12,  10,    0,  -11 },   // 0x34 '4'
  {   176,   8,  12,  10,    1,  -11 },   // 0x35 '5'
  {   188,   8,  12,  10,    1,  -11 },   // 0x36 '6'
  {   200,   8,  12,   9,    0,  -11 },   // 0x37 '7'
  {   212,   8,  12,  10,    1,  -11 },   // 0x38 '8'
  {   224,   8,  12,  10,    1,  -11 },   // 0x39 '9'
  {   236,   3,   8,   5,    1,   -7 },   // 0x3A ':'
  {   239,   3,  11,   5,    1,   -8 },   // 0x3B ';'
  {   244,   8,  10,  10,    1,  -10 },   // 0x3C '<'
  {   254,   8,   6,  10,    1,   -8 },   // 0x3D '='
  {   260,   8,  10,  10,    1,  -10 },   // 0x3E '>'
  {   270,   8,  12,   8,    0,  -11 },   // 0x3F '?'
  {   282,  11,  12,  12,    1,  -11 },   // 0x40 '@'
  {   299,  11,  12,  11,    0,  -11 },   // 0x41 'A'
  {   316,   9,  12,  11,    1,  -11 },   // 0x42 'B'
  {   330,  10,  12,  11,    1,  -11 },   // 0x43 'C'
  {   345,  10,  12,  12,    1,  -11 },   // 0x44 'D'
  {   360,   8,  12,   9,    1,  -11 },   // 0x45 'E'
  {   372,   8,  12,   9,    1,  -11 },   // 0x46 'F'
  {   384,  10,  12,  12,    1,  -11 },   // 0x47 'G'
  {   399,  10,  12,  12,    1,  -11 },   // 0x48 'H'
  {   414,   2,  12,   4,    1,  -11 },   // 0x49 'I'
  {   417,   7,  12,   8,    0,  -11 },   // 0x4A 'J'
  {   428,  10,  12,  11,    1,  -11 },   // 0x4B 'K'
  {   443,   8,  12,   9,    1,  -11 },   // 0x4C 'L'
  {   455,  12,  12,  14,    1,  -11 },   // 0x4D 'M'
  {   473,  10,  12,  12,    1,  -11 },   // 0x4E 'N'
  {   488,  10,  12,  12,    1,  -11 },   // 0x4F 'O'
  {   503,   9,  12,  10,    1,  -11 },   // 0x50 'P'
  {   517,  11,  14,  13,    1,  -11 },   // 0x51 'Q'
  {   537,   9,  12,  10,    1,  -11 },   // 0x52 'R'
  {   551,   9,  12,  10,    0,  -11 },   // 0x53 'S'
  {   565,   9,  12,  10,    0,  -11 },   // 0x54 'T'
  {   579,   9,  12,  11,    1,  -11 },   // 0x55 'U'
  {   593,  11,  12,  11,    0,  -11 },   // 0x56 'V'
  {   610,  17,  12,  17,    0,  -11 },   // 0x57 'W'
  {   636,  11,  12,  12,    0,  -11 },   // 0x58 'X'
  {   653,  11,  12,  11,    0,  -11 },   // 0x59 'Y'
  {   670,  10,  12,  10,    0,  -11 },   // 0x5A 'Z'
  {   685,   4,  14,   6,    1,  -12 },   // 0x5B '['
  {   692,   6,  12,   6,    0,  -11 },   // 0x5C '\'
  {   701,   4,  14,   6,    0,  -12 },   // 0x5D ']'
  {   708,   7,   4,   7,    0,  -12 },   // 0x5E '^'
  {   712,   7,   2,   7,    0,    2 },   // 0x5F '_'
  {   714,   4,   4,   5,    0,  -12 },   // 0x60 '`'
  {   716,   8,   9,   9,    0,   -8 },   // 0x61 'a'
  {   725,   8,  12,  10,    1,  -11 },   // 0x62 'b'
  {   737,   8,   9,   9,    0,   -8 },   // 0x63 'c'
  {   746,   9,  12,  10,    0,  -11 },   // 0x64 'd'
  {   760,   9,   9,   9,    0,   -8 },   // 0x65 'e'
  {   771,   6,  12,   6,    0,  -11 },   // 0x66 'f'
  {   780,   9,  12,  10,    0,   -8 },   // 0x67 'g'
  {   794,   8,  12,   9,    1,  -11 },   // 0x68 'h'
  {   806,   3,  12,   4,    1,  -11 },   // 0x69 'i'
  {   811,   5,  15,   4,   -1,  -11 },   // 0x6A 'j'
  {   821,   8,  12,   9,    1,  -11 },   // 0x6B 'k'
  {   833,   3,  12,   5,    1,  -11 },   // 0x6C 'l'
  {   838,  12,   9,  14,    1,   -8 },   // 0x6D 'm'
  {   852,   8,   9,   9,    1,   -8 },   // 0x6E 'n'
  {   861,   9,   9,   9,    0,   -8 },   // 0x6F 'o'
  {   872,   8,  12,  10,    1,   -8 },   // 0x70 'p'
  {   884,   9,  12,  10,    0,   -8 },   // 0x71 'q'
  {   898,   6,   9,   7,    1,   -8 },   // 0x72 'r'
  {   905,   8,   9,   8,    0,   -8 },   // 0x73 's'
  {   914,   6,  11,   7,    0,  -10 },   // 0x74 't'
  {   923,   8,   9,   9,    1,   -8 },   // 0x75 'u'
  {   932,   9,   9,   9,    0,   -8 },   // 0x76 'v'
  {   943,  13,   9,  13,    0,   -8 },   // 0x77 'w'
  {   958,   9,   9,   9,    0,   -8 },   // 0x78 'x'
  {   969,   9,  12,   9,    0,   -8 },   // 0x79 'y'
  {   983,   7,   9,   8,    0,   -8 },   // 0x7A 'z'
  {   991,   6,  14,   6,    0,  -12 },   // 0x7B '{'
  {  1002,   2,  14,   4,    1,  -12 },   // 0x7C '|'
  {  1006,   6,  14,   6,    0,  -12 },   // 0x7D '}'
  {  1017,   9,   4,   9,    0,   -7 } }; // 0x7E '~'

const GFXfont MiSansLatin_Bold8pt7b PROGMEM = {
  (uint8_t  *)MiSansLatin_Bold8pt7bBitmaps,
  (GFXglyph *)MiSansLatin_Bold8pt7bGlyphs,
  0x20, 0x7E, 21 };

// Approx. 1694 bytes
